Date,CASH,AAPL,JPM,NEE,XOM,JNJ,WMT,AMZN,UPS
2021-09-22,0.11111111,0.11111111,0.11111111,0.11111111,0.11111111,0.11111111,0.11111111,0.11111111,0.11111111
2021-09-23,0.10999152,0.11073056,0.11370943,0.10914543,0.11371701,0.11061550,0.11005318,0.11116139,0.11087597
2021-09-24,0.10970156,0.11050634,0.11471837,0.10809417,0.11443056,0.10998927,0.11007056,0.11117732,0.11131185
2021-09-27,0.10974948,0.10938825,0.11754196,0.10554171,0.11787979,0.10924062,0.10941104,0.11058558,0.11066157
2021-09-28,0.11069623,0.10770587,0.11791698,0.10443825,0.12013978,0.10993990,0.10899726,0.10859731,0.11156842
2021-09-29,0.11057865,0.10828898,0.11769950,0.10578552,0.11993209,0.11063933,0.10883499,0.10799646,0.11024449
2021-09-30,0.11159726,0.10826881,0.11716609,0.10699163,0.11889424,0.10994300,0.10900852,0.10846037,0.10967008
2021-10-01,0.11097605,0.10854115,0.11896241,0.10733104,0.12247364,0.10863371,0.10658958,0.10779818,0.10869425
2021-10-04,0.11184715,0.10670147,0.11976709,0.10837836,0.12503543,0.10863354,0.10639154,0.10555105,0.10769438
2021-10-05,0.11116253,0.10754981,0.12097785,0.10787785,0.12406874,0.10821271,0.10643369,0.10593172,0.10778509
2021-10-06,0.11072647,0.10780362,0.12076048,0.10975304,0.12131578,0.10801113,0.10679217,0.10685961,0.10797770
2021-10-07,0.11008597,0.10815369,0.12082199,0.10876869,0.12095301,0.10834664,0.10742426,0.10755793,0.10788781
2021-10-08,0.10980091,0.10758001,0.12060127,0.10753514,0.12366275,0.10779146,0.10746929,0.10683080,0.10872839
2021-10-11,0.11090947,0.10859769,0.11925683,0.10539786,0.12366579,0.10841969,0.10845327,0.10652073,0.10877867
2021-10-12,0.11122136,0.10791175,0.11867360,0.10710658,0.12336891,0.10698767,0.10864134,0.10685417,0.10923462
2021-10-13,0.11115921,0.10739419,0.11547999,0.10883831,0.12295769,0.10795180,0.10779382,0.10800963,0.11041536
2021-10-14,0.10959712,0.10802657,0.11560393,0.10900832,0.12307594,0.10704316,0.10743113,0.10699697,0.11321686
2021-10-15,0.10843473,0.10768377,0.11657486,0.10813017,0.12292939,0.10669500,0.10680844,0.10936410,0.11337953
2021-10-18,0.10828878,0.10880845,0.11637599,0.10708555,0.12270508,0.10577193,0.10752229,0.11042536,0.11301657
2021-10-19,0.10709113,0.10922778,0.11648478,0.10726110,0.12317133,0.10705189,0.10859218,0.10912204,0.11199777
2021-10-20,0.10645835,0.10894730,0.11735584,0.10908403,0.12311840,0.10636088,0.10892787,0.10756103,0.11218630
2021-10-21,0.10643259,0.10908152,0.11640717,0.10891471,0.12085239,0.10608841,0.10950571,0.10816320,0.11455430
2021-10-22,0.10607848,0.10814401,0.11758046,0.10934244,0.12127649,0.10594254,0.11027881,0.10468192,0.11667486
2021-10-25,0.10579597,0.10781971,0.11669395,0.10888329,0.12331049,0.10589273,0.11126036,0.10392798,0.11641552
2021-10-26,0.10421946,0.10669895,0.11526433,0.10876234,0.12428564,0.10537645,0.10864562,0.10409675,0.12265047
2021-10-27,0.10543282,0.10760141,0.11417757,0.10943641,0.12246708,0.10531055,0.10900910,0.10582086,0.12074419
2021-10-28,0.10445874,0.10927159,0.11482798,0.11022373,0.12167619,0.10377047,0.10867544,0.10651452,0.12058134
2021-10-29,0.10500398,0.10784771,0.11510890,0.10940155,0.12261560,0.10433137,0.10995653,0.10476728,0.12096708
2021-11-01,0.10509942,0.10734044,0.11515250,0.10983465,0.12493527,0.10451592,0.11032899,0.10317348,0.11961934
2021-11-02,0.10511106,0.10811621,0.11561966,0.10962862,0.12340700,0.10617538,0.11028963,0.10301822,0.11863423
2021-11-03,0.10475160,0.10880227,0.11526482,0.10902347,0.12129634,0.10547364,0.11025018,0.10487403,0.12026364
2021-11-04,0.10468294,0.10835054,0.11367621,0.10833852,0.12212696,0.10511073,0.11098490,0.10768559,0.11904362
2021-11-05,0.10460579,0.10865855,0.11343046,0.10924214,0.12319269,0.10428669,0.11013336,0.10890572,0.11754460
2021-11-08,0.10472897,0.10818244,0.11424654,0.10816876,0.12466558,0.10405171,0.10955845,0.10810413,0.11829342
2021-11-09,0.10428152,0.10798517,0.11289713,0.10815226,0.12534185,0.10337815,0.10947039,0.11033410,0.11815943
2021-11-10,0.10492603,0.10657044,0.11348656,0.10915378,0.12363193,0.10514359,0.10915425,0.10809241,0.11984102
2021-11-11,0.10489313,0.10650101,0.11344419,0.10933731,0.12382421,0.10433639,0.10916414,0.10776215,0.12073748
2021-11-12,0.10452096,0.10764463,0.11253589,0.11014896,0.12244475,0.10520951,0.10823474,0.10900790,0.12025266
2021-11-15,0.10449016,0.10762006,0.11230047,0.11143060,0.12346359,0.10422876,0.10758042,0.10961042,0.11927552
2021-11-16,0.10475638,0.10861355,0.11177544,0.11125405,0.12502805,0.10395114,0.10510875,0.10973536,0.11977727
2021-11-17,0.10493278,0.11059052,0.11136102,0.11246641,0.12387102,0.10451668,0.10438124,0.11017781,0.11770254
2021-11-18,0.10437963,0.11314671,0.10981758,0.11164410,0.12187681,0.10340537,0.10472344,0.11413837,0.11686799
2021-11-19,0.10479373,0.11552400,0.10881299,0.11299550,0.11670496,0.10412883,0.10457341,0.11398694,0.11847964
2021-11-22,0.10462761,0.11567849,0.11095616,0.11160271,0.11813320,0.10259540,0.10616009,0.11058697,0.11965937
2021-11-23,0.10378374,0.11502344,0.11269308,0.11063924,0.12026662,0.10239878,0.10605302,0.10992440,0.11921770
2021-11-24,0.10389814,0.11552831,0.11193236,0.11112436,0.12106669,0.10222461,0.10670149,0.11005694,0.11746709
2021-11-26,0.10587670,0.11399889,0.11062751,0.11178623,0.11903823,0.10349519,0.10751653,0.10977687,0.11788386
2021-11-29,0.10523547,0.11578698,0.10948216,0.11442611,0.11897409,0.10322376,0.10519122,0.11088700,0.11679321
2021-11-30,0.10662143,0.12101634,0.10927289,0.11347478,0.11711595,0.10208244,0.10508214,0.11062821,0.11470582
2021-12-01,0.10719873,0.12128146,0.10921433,0.11548276,0.11765169,0.10405029,0.10302916,0.10921805,0.11287352
2021-12-02,0.10648047,0.11973038,0.11076369,0.11572762,0.11977571,0.10270587,0.10109263,0.10828591,0.11543772
2021-12-03,0.10679472,0.11867581,0.10907838,0.11529639,0.11936467,0.10451060,0.10291779,0.10710249,0.11625914
2021-12-06,0.10552136,0.11978222,0.10905103,0.11537112,0.11927794,0.10557108,0.10279253,0.10699866,0.11563406
2021-12-07,0.10409594,0.12235263,0.10919673,0.11542118,0.11898513,0.10441337,0.10107570,0.10850735,0.11595196
2021-12-08,0.10399298,0.12501642,0.10784062,0.11519224,0.11921101,0.10493589,0.09995542,0.10839603,0.11545940
2021-12-09,0.10384410,0.12446667,0.10751870,0.11450519,0.11934537,0.10578036,0.10120063,0.10701992,0.11631907
2021-12-10,0.10321220,0.12717476,0.10643821,0.11427673,0.11937696,0.10487682,0.10242219,0.10517230,0.11704983
2021-12-13,0.10363949,0.12506114,0.10560825,0.11660559,0.11724583,0.10719460,0.10469852,0.10398598,0.11596061
2021-12-14,0.10385815,0.12431949,0.10664194,0.11467349,0.11732161,0.10859415,0.10592058,0.10391286,0.11475772
2021-12-15,0.10286766,0.12664431,0.10483503,0.11606516,0.11569291,0.10809539,0.10551117,0.10549258,0.11479578
2021-12-16,0.10337516,0.12227205,0.10699985,0.11692940,0.11645346,0.10981563,0.10426416,0.10329475,0.11659555
2021-12-17,0.10482735,0.12318354,0.10603404,0.11691353,0.11551089,0.10828162,0.10234322,0.10545694,0.11744888
2021-12-20,0.10588968,0.12342124,0.10518177,0.11679970,0.11499043,0.10906687,0.10371568,0.10468451,0.11625013
2021-12-21,0.10465197,0.12430684,0.10540417,0.11608904,0.11622052,0.10744506,0.10281264,0.10552790,0.11754186
2021-12-22,0.10408508,0.12552739,0.10524293,0.11590700,0.11652717,0.10732319,0.10238757,0.10533812,0.11766156
2021-12-23,0.10378651,0.12562340,0.10531604,0.11544721,0.11625004,0.10721926,0.10186747,0.10505529,0.11943478
2021-12-27,0.10290641,0.12741985,0.10502061,0.11525072,0.11690766,0.10720729,0.10192324,0.10331258,0.12005164
2021-12-28,0.10268371,0.12641080,0.10511134,0.11570652,0.11627766,0.10740399,0.10316218,0.10369142,0.11955237
2021-12-29,0.10279621,0.12661281,0.10517349,0.11597197,0.11538612,0.10827909,0.10322457,0.10291699,0.11963875
2021-12-30,0.10284746,0.12584262,0.10517281,0.11701361,0.11476403,0.10881300,0.10360892,0.10262963,0.11930792
2021-12-31,0.10281069,0.12535292,0.10504897,0.11771570,0.11547787,0.10799136,0.10467150,0.10142037,0.11951061
2022-01-03,0.10182394,0.12725407,0.10624178,0.11446297,0.11876190,0.10724871,0.10363820,0.10266869,0.11789975
2022-01-04,0.10143585,0.12516017,0.10984912,0.11280760,0.12275938,0.10655348,0.10135177,0.10054730,0.11953533
2022-01-05,0.10208035,0.12260500,0.10852604,0.11233501,0.12507585,0.10794502,0.10337486,0.09927442,0.11878346
2022-01-06,0.10239586,0.12093093,0.11001802,0.10770927,0.12841340,0.10790768,0.10340619,0.09891298,0.12030568
2022-01-07,0.10179206,0.12033667,0.11045294,0.10787313,0.12870255,0.10872145,0.10377769,0.09790810,0.12043540
2022-01-10,0.10263616,0.12134864,0.11147541,0.10609910,0.12899733,0.10908097,0.10443603,0.09807139,0.11785497
2022-01-11,0.10173604,0.12230324,0.11061008,0.10579245,0.13324442,0.10697497,0.10322663,0.09954459,0.11656758
2022-01-12,0.10180254,0.12269774,0.11131015,0.10623618,0.13293903,0.10613228,0.10274966,0.09951628,0.11661615
2022-01-13,0.10238334,0.12104974,0.11180561,0.10660369,0.13273898,0.10609027,0.10479830,0.09766504,0.11686503
2022-01-14,0.10326663,0.12271807,0.10583896,0.10537040,0.13623474,0.10642219,0.10540453,0.09907222,0.11567226
2022-01-18,0.10449413,0.12183053,0.10260668,0.10412394,0.14017496,0.10721243,0.10478986,0.09825862,0.11650885
2022-01-19,0.10494746,0.11978651,0.10145768,0.10630034,0.14084089,0.10734245,0.10629308,0.09705886,0.11597274
2022-01-20,0.10570756,0.11940566,0.10132111,0.10826294,0.14217144,0.10725664,0.10503980,0.09486491,0.11596996
2022-01-21,0.10714990,0.11948991,0.10090910,0.10854433,0.14194780,0.10847013,0.10569643,0.09043766,0.11735474
2022-01-24,0.10705529,0.11880369,0.10072965,0.10755564,0.14304083,0.10712543,0.10561063,0.09156200,0.11851684
2022-01-25,0.10796180,0.11844566,0.10268988,0.09943639,0.14849296,0.11112163,0.10418796,0.08942557,0.11823814
2022-01-26,0.10870699,0.11919606,0.10437952,0.09684304,0.14800138,0.11238926,0.10383621,0.08932658,0.11732095
2022-01-27,0.10880411,0.11895137,0.10262940,0.09675611,0.15003100,0.11396608,0.10399790,0.08989889,0.11496514
2022-01-28,0.10704589,0.12519524,0.10187429,0.09517948,0.14792095,0.11291314,0.10358275,0.09119544,0.11509282
2022-01-31,0.10481702,0.12579115,0.10110707,0.10042212,0.14614933,0.11088391,0.10311493,0.09276698,0.11494749
2022-02-01,0.10206764,0.12237247,0.10014452,0.09667395,0.15144005,0.10709175,0.10120021,0.09131206,0.12769735
2022-02-02,0.10187720,0.12300457,0.09915747,0.09711828,0.15076476,0.10807420,0.10096839,0.09079147,0.12824365
2022-02-03,0.10353082,0.12291113,0.09993361,0.09620600,0.15142550,0.10982204,0.10270924,0.08505669,0.12840497
2022-02-04,0.10216428,0.12108506,0.10117441,0.09523686,0.15267112,0.10766360,0.10016021,0.09529522,0.12454924
2022-02-07,0.10214017,0.12054390,0.10148869,0.09480105,0.15447246,0.10728072,0.09915197,0.09545163,0.12466942
2022-02-08,0.10190073,0.12248214,0.10315578,0.09430385,0.15012620,0.10731080,0.09894101,0.09732494,0.12445454
2022-02-09,0.10171842,0.12327704,0.10340042,0.09563213,0.14914022,0.10710633,0.09854930,0.09701601,0.12416013
2022-02-10,0.10300238,0.12188721,0.10427100,0.09531071,0.14956991,0.10714910,0.09862635,0.09690829,0.12327505
2022-02-11,0.10402139,0.12060428,0.10393186,0.09562854,0.15485289,0.10711696,0.09905312,0.09435250,0.12043847
2022-02-14,0.10445405,0.12127826,0.10339454,0.09597506,0.15311246,0.10620924,0.09845085,0.09590289,0.12122265
2022-02-15,0.10375818,0.12325951,0.10420771,0.09555199,0.15018599,0.10659110,0.09810160,0.09608882,0.12225511
2022-02-16,0.10374876,0.12307715,0.10438682,0.09572149,0.15086555,0.10651773,0.09747948,0.09705617,0.12114685
2022-02-17,0.10442873,0.12124888,0.10265093,0.09654094,0.15162176,0.10656179,0.10204958,0.09556173,0.11933566
2022-02-18,0.10515230,0.12094677,0.10384681,0.09562366,0.15097443,0.10614999,0.10209814,0.09494774,0.12026016
2022-02-22,0.10609376,0.11985599,0.10459066,0.09599841,0.15055403,0.10564495,0.10186266,0.09428869,0.12111085
2022-02-23,0.10755060,0.11835931,0.10380675,0.09539085,0.15324017,0.10714879,0.10220189,0.09216571,0.12013594
2022-02-24,0.10706123,0.11978598,0.10045725,0.09905340,0.15061552,0.10462356,0.10134514,0.09588368,0.12117425
2022-02-25,0.10496309,0.11896113,0.10081873,0.09932630,0.15163784,0.10767137,0.10072537,0.09551411,0.12038206
2022-02-28,0.10523579,0.11946556,0.09686587,0.10157643,0.15316465,0.10702118,0.10008364,0.09562185,0.12096503
2022-03-01,0.10615960,0.11911295,0.09402943,0.10138152,0.15598693,0.10758673,0.10158226,0.09494050,0.11922009
2022-03-02,0.10483106,0.12004394,0.09477848,0.10025498,0.15668082,0.10756183,0.10043637,0.09431715,0.12109536
2022-03-03,0.10446001,0.11938203,0.09377172,0.10149752,0.15711502,0.10875619,0.10238152,0.09141573,0.12122026
2022-03-04,0.10408657,0.11676549,0.09080819,0.10295738,0.16244536,0.10901058,0.10460088,0.08969856,0.11962698
2022-03-07,0.10457733,0.11453358,0.08771316,0.10856272,0.16909224,0.11128881,0.10424784,0.08505480,0.11492954
2022-03-08,0.10537582,0.11406057,0.08776042,0.10649375,0.17167414,0.10986594,0.10287130,0.08480730,0.11709077
2022-03-09,0.10531723,0.11798677,0.09122553,0.10431754,0.16182494,0.11022138,0.10334767,0.08679449,0.11896447
2022-03-10,0.10448135,0.11386821,0.08942995,0.10328343,0.16552418,0.10954029,0.10485791,0.09076611,0.11824857
2022-03-11,0.10553473,0.11226632,0.08829694,0.10320549,0.16633118,0.11044250,0.10549925,0.09087378,0.11754981
2022-03-14,0.10629489,0.11007141,0.08981613,0.10392263,0.16153196,0.11277502,0.10774006,0.08921913,0.11862877
2022-03-15,0.10518949,0.11215937,0.09045938,0.10634435,0.15075451,0.11449481,0.10790009,0.09172298,0.12097502
2022-03-16,0.10375223,0.11383678,0.09321044,0.10556943,0.14813626,0.11189178,0.10611190,0.09399203,0.12349915
2022-03-17,0.10244526,0.11312822,0.09320001,0.10446697,0.15016794,0.11192567,0.10493440,0.09531454,0.12441698
2022-03-18,0.10229998,0.11533096,0.09303464,0.10391514,0.14936641,0.11052787,0.10509630,0.09760760,0.12282110
2022-03-21,0.10170151,0.11563516,0.09219329,0.10259233,0.15515562,0.11050348,0.10361221,0.09718162,0.12142478
2022-03-22,0.10108092,0.11732014,0.09357946,0.10327515,0.15353346,0.10931071,0.10267297,0.09862066,0.12060654
2022-03-23,0.10144264,0.11870939,0.09204422,0.10329445,0.15651162,0.10928814,0.10171474,0.09808461,0.11891019
2022-03-24,0.10078155,0.12061030,0.09203971,0.10402568,0.15595925,0.10913643,0.10167836,0.09758942,0.11817930
2022-03-25,0.10003177,0.12016002,0.09215366,0.10354786,0.15817787,0.10936299,0.10135998,0.09752868,0.11767716
2022-03-28,0.09970810,0.12037449,0.09117587,0.10381532,0.15324328,0.10956983,0.10282800,0.09970105,0.11958404
2022-03-29,0.09926092,0.12212758,0.09096670,0.10358230,0.15174541,0.10902319,0.10322920,0.09944449,0.12062020
2022-03-30,0.09901874,0.12101949,0.09033337,0.10440414,0.15396641,0.10988919,0.10482385,0.09743595,0.11910887
2022-03-31,0.10054339,0.12069856,0.08897009,0.10503220,0.15411653,0.11011492,0.10576320,0.09697091,0.11779020
2022-04-01,0.10059543,0.12055353,0.08835661,0.10632709,0.15518582,0.11076871,0.10730304,0.09735591,0.11355386
2022-04-04,0.10017205,0.12289051,0.08837490,0.10576841,0.15460701,0.10923777,0.10687266,0.09978325,0.11229343
2022-04-05,0.10110117,0.12168093,0.08815660,0.10763466,0.15523423,0.11096321,0.10817100,0.09814149,0.10891671
2022-04-06,0.10118918,0.11953982,0.08700918,0.10792798,0.15709711,0.11394871,0.11078114,0.09505418,0.10745270
2022-04-07,0.10092529,0.11944315,0.08651828,0.10838086,0.15930987,0.11335843,0.11159725,0.09422613,0.10624073
2022-04-08,0.10090632,0.11799851,0.08808567,0.10712853,0.16263214,0.11356161,0.11219635,0.09222375,0.10526713
2022-04-11,0.10260164,0.11691957,0.08923683,0.10701782,0.15967081,0.11402392,0.11182015,0.09174639,0.10696287
2022-04-12,0.10257697,0.11823843,0.08823604,0.10611926,0.16296408,0.11403454,0.11102524,0.09152132,0.10528411
2022-04-13,0.10178622,0.11924441,0.08473359,0.10487441,0.16399363,0.11363352,0.11303808,0.09367871,0.10501742
2022-04-14,0.10247527,0.11645148,0.08451646,0.10464922,0.16704376,0.11392148,0.11370198,0.09198781,0.10525252
2022-04-18,0.10254932,0.11638055,0.08614678,0.10333376,0.16853482,0.11258433,0.11291490,0.09270871,0.10484683
2022-04-19,0.10133297,0.11662337,0.08688764,0.10225807,0.16505007,0.11464288,0.11284251,0.09480522,0.10555728
2022-04-20,0.10138626,0.11656623,0.08723831,0.10191172,0.16551319,0.11521067,0.11431986,0.09238495,0.10546880
2022-04-21,0.10284028,0.11766524,0.08780346,0.09661362,0.16611178,0.11652615,0.11613372,0.09024013,0.10606562
2022-04-22,0.10482370,0.11659787,0.08692631,0.09559427,0.16561904,0.11759456,0.11614481,0.08953303,0.10716641
2022-04-25,0.10474610,0.11729648,0.08683455,0.09563976,0.15991709,0.12040086,0.11611802,0.09053527,0.10851189
2022-04-26,0.10660996,0.11492732,0.08576533,0.09672369,0.16282205,0.12166708,0.11694923,0.08793049,0.10660484
2022-04-27,0.10643411,0.11456944,0.08451023,0.09617036,0.16719558,0.11976952,0.11595939,0.08701461,0.10837676
2022-04-28,0.10429948,0.11734133,0.08412488,0.09452455,0.16879783,0.11824395,0.11508509,0.08923740,0.10834549
2022-04-29,0.10826241,0.11734133,0.08450352,0.09481839,0.17129330,0.12072971,0.11699542,0.07961432,0.10644160
2022-05-02,0.10835777,0.11767564,0.08535034,0.09336519,0.17377706,0.11961738,0.11632543,0.07982454,0.10570666
2022-05-03,0.10755428,0.11792703,0.08653207,0.09385333,0.17604167,0.11849779,0.11586551,0.07907576,0.10465257
2022-05-04,0.10492780,0.11976513,0.08721163,0.09453757,0.17857808,0.11684251,0.11459993,0.07818467,0.10535268
2022-05-05,0.10757003,0.11594012,0.08717079,0.09529976,0.18029989,0.11749806,0.11647907,0.07409304,0.10564924
2022-05-06,0.10753239,0.11644745,0.08699967,0.09610185,0.18299094,0.11719782,0.11401410,0.07302712,0.10568865
2022-05-09,0.11005082,0.11521934,0.08769862,0.09596400,0.17250934,0.12059545,0.11804967,0.07084110,0.10907165
2022-05-10,0.11022113,0.11725692,0.08569363,0.09513385,0.17392184,0.12061861,0.11656799,0.07099638,0.10958966
2022-05-11,0.11128946,0.11225578,0.08597840,0.09634415,0.17926355,0.12112755,0.11646706,0.06938831,0.10788574
2022-05-12,0.11148585,0.10942949,0.08605722,0.09419069,0.18039511,0.12254003,0.11656191,0.07053885,0.10880084
2022-05-13,0.10975936,0.11117338,0.08547816,0.09447810,0.18286984,0.11995053,0.11520036,0.07342405,0.10766621
2022-05-16,0.10937661,0.10960336,0.08458642,0.09458026,0.18651829,0.12036363,0.11492271,0.07171540,0.10833332
2022-05-17,0.10905604,0.11206035,0.08713413,0.09685834,0.18834358,0.12050951,0.10155088,0.07444645,0.11004070
2022-05-18,0.11279949,0.10936754,0.08858340,0.09876420,0.19172077,0.12233189,0.09790363,0.07149149,0.10703758
2022-05-19,0.11398115,0.10779005,0.08818462,0.09903982,0.19477641,0.12251464,0.09621421,0.07237969,0.10511941
2022-05-20,0.11321196,0.10724975,0.08687138,0.09943250,0.19499033,0.12381465,0.09566925,0.07207346,0.10668673
2022-05-23,0.11064858,0.10902670,0.09015758,0.09899596,0.19478675,0.12348165,0.09617015,0.07041929,0.10631334
2022-05-24,0.11029079,0.10658586,0.09113544,0.10155924,0.19521153,0.12442678,0.09705543,0.06793554,0.10579939
2022-05-25,0.10978282,0.10621589,0.09134745,0.10125393,0.19822341,0.12263836,0.09601691,0.06936032,0.10516091
2022-05-26,0.10842229,0.10733320,0.09177523,0.10033340,0.19645800,0.12101065,0.09684851,0.07126098,0.10655774
2022-05-27,0.10635023,0.10957290,0.09129401,0.10212887,0.19459777,0.11977613,0.09686744,0.07245965,0.10695300
2022-05-31,0.10670025,0.10934581,0.09226431,0.10016239,0.19205734,0.11913513,0.09729970,0.07589467,0.10714040
2022-06-01,0.10683570,0.10938900,0.09076059,0.10092551,0.19598691,0.11807706,0.09501473,0.07692313,0.10608736
2022-06-02,0.10557512,0.10991556,0.09113263,0.10281171,0.19333792,0.11631615,0.09543545,0.07840621,0.10706925
2022-06-03,0.10618482,0.10628799,0.09038125,0.10362934,0.19728156,0.11650579,0.09433798,0.07687293,0.10851835
2022-06-06,0.10577615,0.10643242,0.08973595,0.10519829,0.19602647,0.11604424,0.09363744,0.07810423,0.10904481
2022-06-07,0.10486883,0.10737512,0.08919942,0.10376270,0.20325220,0.11631412,0.09171907,0.07632356,0.10718499
2022-06-08,0.10564675,0.10762609,0.08843098,0.10284218,0.20717653,0.11648047,0.09159806,0.07575201,0.10444692
2022-06-09,0.10778549,0.10585679,0.08832515,0.10338680,0.20680335,0.11644543,0.09247433,0.07407754,0.10484511
2022-06-10,0.11002132,0.10387868,0.08601313,0.10358018,0.20723555,0.11806717,0.09492296,0.07138263,0.10489838
2022-06-13,0.11317827,0.10276830,0.08584639,0.10163948,0.20339935,0.12023023,0.09580928,0.06942617,0.10770252
2022-06-14,0.11355692,0.10380015,0.08470038,0.10066978,0.20461213,0.11878214,0.09617006,0.06874463,0.10896381
2022-06-15,0.11240867,0.10481703,0.08483631,0.10342988,0.19999293,0.11883944,0.09513389,0.07161461,0.10892725
2022-06-16,0.11488070,0.10287454,0.08521449,0.10097419,0.19685215,0.12151719,0.09823589,0.07046369,0.10898716
2022-06-17,0.11625958,0.10531004,0.08593318,0.10209962,0.18772716,0.12252745,0.09749458,0.07307051,0.10957788
2022-06-21,0.11290789,0.10562458,0.08552317,0.10184478,0.19366220,0.12148785,0.09778957,0.07260741,0.10855255
2022-06-22,0.11334585,0.10562846,0.08537312,0.10499509,0.18672010,0.12388356,0.09697966,0.07307013,0.11000403
2022-06-23,0.11241855,0.10702443,0.08374839,0.10763565,0.17960686,0.12561076,0.09852138,0.07479385,0.11064014
2022-06-24,0.11050526,0.10778225,0.08478001,0.10692761,0.18005163,0.12528043,0.09692294,0.07614946,0.11160042
2022-06-27,0.11042504,0.10770399,0.08403965,0.10667194,0.18433092,0.12507269,0.09716571,0.07397718,0.11061287
2022-06-28,0.11158154,0.10558994,0.08451122,0.10578252,0.19142900,0.12278792,0.09679905,0.07090938,0.11060944
2022-06-29,0.11217138,0.10753057,0.08457653,0.10572958,0.18533216,0.12347187,0.09695288,0.07229309,0.11194194
2022-06-30,0.11306817,0.10643622,0.08326371,0.10862223,0.18155630,0.12482467,0.09745547,0.07105798,0.11371525
2022-07-01,0.11115583,0.10632740,0.08290219,0.11105870,0.18246629,0.12410301,0.09663463,0.07205952,0.11329242
2022-07-05,0.11152592,0.10870095,0.08286184,0.10942287,0.17734427,0.12355905,0.09823722,0.07489948,0.11344841
2022-07-06,0.11156716,0.10978585,0.08235517,0.11009983,0.17420931,0.12371576,0.09896955,0.07547510,0.11382228
2022-07-07,0.11006594,0.11090794,0.08330196,0.10972406,0.17735469,0.12218797,0.09778610,0.07576206,0.11290928
2022-07-08,0.11014402,0.11150987,0.08309946,0.10962430,0.17776959,0.12212394,0.09791792,0.07530094,0.11250996
2022-07-11,0.11079784,0.11051641,0.08249631,0.11086594,0.17791079,0.12289713,0.09853847,0.07326321,0.11271390
2022-07-12,0.11185293,0.11233124,0.08336306,0.11090899,0.17721414,0.12232832,0.09917545,0.07228640,0.11053947
2022-07-13,0.11186233,0.11205570,0.08258779,0.11134840,0.17794209,0.12205335,0.09942172,0.07307351,0.10965512
2022-07-14,0.11206991,0.11456306,0.07985018,0.11137433,0.17470018,0.12244712,0.10155272,0.07336163,0.11008086
2022-07-15,0.11059810,0.11435302,0.08241326,0.10796388,0.17530901,0.12259303,0.10119913,0.07430908,0.11126149
2022-07-18,0.11126532,0.11266807,0.08205896,0.10695927,0.17962108,0.12056464,0.10157297,0.07489563,0.11039406
2022-07-19,0.10942281,0.11376317,0.08269973,0.10711513,0.18109865,0.11683962,0.10050385,0.07653659,0.11202045
2022-07-20,0.10872317,0.11456291,0.08215660,0.10560771,0.18191814,0.11542988,0.10069364,0.07898078,0.11192717
2022-07-21,0.10838034,0.11592544,0.08245526,0.10601402,0.17831666,0.11547033,0.10184366,0.07992453,0.11166977
2022-07-22,0.10853234,0.11514645,0.08216991,0.10802023,0.17720333,0.11617904,0.10172489,0.07861738,0.11240643
2022-07-25,0.10793000,0.11366025,0.08204144,0.10839790,0.18208845,0.11576247,0.10101494,0.07736362,0.11174093
2022-07-26,0.11003441,0.11485360,0.08233440,0.10905124,0.18491671,0.11885447,0.09515262,0.07475070,0.11005183
2022-07-27,0.10802386,0.11661511,0.08212703,0.10768833,0.18546720,0.11636030,0.09694442,0.07732224,0.10945151
2022-07-28,0.10649431,0.11537456,0.08066204,0.11165792,0.18497765,0.11537501,0.09795745,0.07705288,0.11044818
2022-07-29,0.10374467,0.11608147,0.07895583,0.10871063,0.18854641,0.11260253,0.09711982,0.08284107,0.11139756
2022-08-01,0.10423645,0.11591400,0.07853928,0.11028601,0.18465191,0.11274085,0.09794232,0.08350514,0.11218403
2022-08-02,0.10475740,0.11541142,0.07770163,0.11130493,0.18476946,0.11265931,0.09853575,0.08316006,0.11170003
2022-08-03,0.10444476,0.11946803,0.07828280,0.11199607,0.17824518,0.11340786,0.09662754,0.08622439,0.11130337
2022-08-04,0.10545439,0.12039055,0.07816990,0.11506667,0.17239536,0.11266776,0.09387592,0.08896103,0.11301843
2022-08-05,0.10490932,0.11960192,0.08011904,0.11447191,0.17398271,0.11164177,0.09414188,0.08740247,0.11372898
2022-08-08,0.10512124,0.11949562,0.07930304,0.11410340,0.17531964,0.11127232,0.09509963,0.08671444,0.11357067
2022-08-09,0.10448641,0.11880999,0.07953413,0.11522857,0.17747381,0.11058732,0.09545863,0.08521392,0.11320722
2022-08-10,0.10296233,0.12014376,0.08041862,0.11464597,0.17654535,0.10928807,0.09426333,0.08693184,0.11480074
2022-08-11,0.10256390,0.11914848,0.08129152,0.11375715,0.18094948,0.10661344,0.09480410,0.08535135,0.11552058
2022-08-12,0.10152155,0.12046446,0.08179821,0.11391047,0.18066735,0.10436819,0.09557544,0.08623199,0.11546235
2022-08-15,0.10156913,0.12128426,0.08205766,0.11463150,0.17752155,0.10491615,0.09589505,0.08605004,0.11607465
2022-08-16,0.10101520,0.12051135,0.08238986,0.11341752,0.17490873,0.10527377,0.10024136,0.08653709,0.11570513
2022-08-17,0.10110503,0.12167813,0.08176943,0.11310457,0.17648073,0.10537368,0.10043850,0.08501076,0.11503916
2022-08-18,0.10067017,0.12087713,0.08078679,0.11266804,0.17987649,0.10441330,0.09968393,0.08476425,0.11625990
2022-08-19,0.10139507,0.11990892,0.07935504,0.11281286,0.18059580,0.10676689,0.09892174,0.08293276,0.11731093
2022-08-22,0.10262346,0.11856670,0.07898944,0.11269042,0.18264774,0.10768125,0.09832996,0.08089526,0.11757576
2022-08-23,0.10218766,0.11782363,0.07787873,0.11150216,0.18959113,0.10628990,0.09749766,0.08079360,0.11643552
2022-08-24,0.10201982,0.11784112,0.07793928,0.11224268,0.19040000,0.10576401,0.09804214,0.08076956,0.11498140
2022-08-25,0.10097880,0.11837924,0.07897598,0.11194895,0.18943208,0.10566472,0.09768879,0.08202467,0.11490677
2022-08-26,0.10338010,0.11662541,0.07820779,0.11290585,0.19154905,0.10632627,0.09686875,0.07998079,0.11415599
2022-08-29,0.10333835,0.11498230,0.07798531,0.11206822,0.19587358,0.10546164,0.09777144,0.07936149,0.11315768
2022-08-30,0.10475088,0.11477007,0.07906510,0.11187690,0.19099524,0.10652937,0.09880958,0.07978927,0.11341359
2022-08-31,0.10539859,0.11425162,0.07908116,0.11172801,0.19073952,0.10646878,0.09947308,0.07906028,0.11379895
2022-09-01,0.10485379,0.11419603,0.07921197,0.11271859,0.18633934,0.10854442,0.10039981,0.07930307,0.11443299
2022-09-02,0.10522484,0.11304032,0.07893693,0.11160941,0.19042510,0.10721562,0.09964624,0.07939070,0.11451085
2022-09-06,0.10526147,0.11215070,0.07898523,0.11461298,0.18921598,0.10754290,0.09918627,0.07854635,0.11449812
2022-09-07,0.10420739,0.11205509,0.07967925,0.11719243,0.18572319,0.10704669,0.10071576,0.07983775,0.11354246
2022-09-08,0.10381014,0.11055428,0.08122463,0.11678448,0.18652847,0.10749652,0.10084183,0.07974225,0.11301740
2022-09-09,0.10286127,0.11160753,0.08086899,0.11524273,0.18791985,0.10672006,0.10022037,0.08111316,0.11344603
2022-09-12,0.10161959,0.11450619,0.08083807,0.11500402,0.18778685,0.10538725,0.09990052,0.08204611,0.11291141
2022-09-13,0.10489080,0.11125676,0.08054087,0.11615707,0.18930425,0.10594927,0.10098789,0.07871041,0.11220268
2022-09-14,0.10410308,0.11147631,0.07975057,0.11531068,0.19249445,0.10732409,0.10000710,0.07918496,0.11034876
2022-09-15,0.10578210,0.11113001,0.08225811,0.11338694,0.18991153,0.10933321,0.10052796,0.07904125,0.10862889
2022-09-16,0.10704013,0.11121916,0.08267849,0.11310798,0.18888719,0.11232232,0.10151009,0.07823950,0.10499515
2022-09-19,0.10609174,0.11299872,0.08270186,0.11481626,0.18719357,0.11045032,0.10147184,0.07825565,0.10602003
2022-09-20,0.10699900,0.11575036,0.08176437,0.11426464,0.18725487,0.11051727,0.10174538,0.07736106,0.10434304
2022-09-21,0.10847733,0.11497124,0.08050376,0.11351809,0.18678203,0.11089639,0.10409339,0.07608708,0.10467070
2022-09-22,0.10918609,0.11498466,0.08010772,0.11367467,0.18721688,0.11360345,0.10370068,0.07578955,0.10173631
2022-09-23,0.11155339,0.11570093,0.08032112,0.11472126,0.18109660,0.11644366,0.10330409,0.07510272,0.10175623
2022-09-26,0.11239901,0.11684149,0.07918744,0.11367190,0.17870296,0.11660856,0.10508754,0.07658319,0.10091792
2022-09-27,0.11191928,0.11710673,0.07815540,0.11308909,0.18166941,0.11557830,0.10435216,0.07576627,0.10236336
2022-09-28,0.11025783,0.11390869,0.07855179,0.11318282,0.18548515,0.11484279,0.10449875,0.07699016,0.10228203
2022-09-29,0.11202035,0.11004506,0.07845507,0.11164162,0.18806849,0.11539513,0.10548328,0.07609319,0.10279781
2022-09-30,0.11384343,0.10847648,0.07848513,0.11124525,0.18817647,0.11643917,0.10513295,0.07611906,0.10208206
2022-10-03,0.11109480,0.10911285,0.07895755,0.11240829,0.19332903,0.11351657,0.10483322,0.07617443,0.10057327
2022-10-04,0.10829667,0.10909001,0.08056972,0.11177699,0.19532805,0.11229833,0.10351907,0.07759440,0.10152676
2022-10-05,0.10790095,0.10891457,0.07928418,0.10995661,0.20247899,0.11154345,0.10211897,0.07722148,0.10058080
2022-10-06,0.10845437,0.10874787,0.07806654,0.10665499,0.20955402,0.10994264,0.10168520,0.07720042,0.09969394
2022-10-07,0.11086646,0.10708461,0.07820879,0.10601504,0.21205275,0.11120085,0.10148386,0.07515193,0.09793572
2022-10-10,0.11137098,0.10782532,0.07783080,0.10651133,0.20840017,0.11185331,0.10254835,0.07490742,0.09875231
2022-10-11,0.11170614,0.10704074,0.07581207,0.10584349,0.20725091,0.11381251,0.10552143,0.07416783,0.09884488
2022-10-12,0.11211474,0.10693755,0.07732070,0.10164773,0.20892170,0.11420074,0.10471000,0.07489686,0.09924998
2022-10-13,0.10984766,0.10829696,0.07996879,0.10005777,0.21185099,0.11358336,0.10346082,0.07314187,0.09979178
2022-10-14,0.11167117,0.10654528,0.08264914,0.09988172,0.20970189,0.11498650,0.10370735,0.07063594,0.10022101
2022-10-17,0.10938637,0.10740473,0.08435837,0.10040101,0.20837272,0.11409259,0.10231759,0.07365026,0.10001636
2022-10-18,0.10827361,0.10731246,0.08564791,0.10128222,0.20662200,0.11253881,0.10341223,0.07454754,0.10036322
2022-10-19,0.10828656,0.10740743,0.08397874,0.09937804,0.21277640,0.11165735,0.10313161,0.07372990,0.09965396
2022-10-20,0.10900854,0.10777028,0.08426290,0.09596508,0.21448397,0.11268842,0.10407535,0.07433758,0.09740787
2022-10-21,0.10659436,0.10823515,0.08672484,0.09518150,0.21362865,0.11259535,0.10382723,0.07525830,0.09795463
2022-10-24,0.10550117,0.10871085,0.08594077,0.09634846,0.21291577,0.11294005,0.10472301,0.07479862,0.09812130
2022-10-25,0.10500102,0.11028772,0.08575699,0.09926781,0.21047512,0.11222715,0.10472000,0.07492863,0.09733557
2022-10-26,0.10491057,0.10802999,0.08666775,0.09884235,0.21279642,0.11311575,0.10542906,0.07179752,0.09841059
2022-10-27,0.10564148,0.10546849,0.08761611,0.09935983,0.21509894,0.11396996,0.10585518,0.06935981,0.09763021
2022-10-28,0.10370149,0.11135376,0.08702875,0.10213604,0.21733315,0.11353917,0.10522556,0.06345334,0.09622874
2022-10-31,0.10417889,0.11014248,0.08729070,0.10061982,0.21855060,0.11347480,0.10557646,0.06314752,0.09701873
2022-11-01,0.10445690,0.10849906,0.08910194,0.10116168,0.22130916,0.11320209,0.10538219,0.05982389,0.09706309
2022-11-02,0.10625651,0.10625102,0.08980243,0.10233510,0.22049517,0.11338275,0.10648657,0.05791839,0.09707206
2022-11-03,0.10647934,0.10195880,0.09015377,0.10374401,0.22396120,0.11381390,0.10668713,0.05626313,0.09693872
2022-11-04,0.10560520,0.10092487,0.09185987,0.10370830,0.22454172,0.11338203,0.10599927,0.05685102,0.09712771
2022-11-07,0.10503897,0.10077545,0.09184977,0.10117561,0.22598259,0.11376061,0.10653780,0.05626651,0.09861270
2022-11-08,0.10475036,0.10091814,0.09165318,0.10217693,0.22607564,0.11401204,0.10649868,0.05577101,0.09814402
2022-11-09,0.10724864,0.09989566,0.09261838,0.10452030,0.22111240,0.11579784,0.10650342,0.05466428,0.09763909
2022-11-10,0.10324691,0.10472485,0.09283239,0.10705390,0.21598952,0.11278292,0.10465404,0.05903316,0.09968231
2022-11-11,0.10204497,0.10550010,0.09190114,0.10594753,0.22014014,0.10813485,0.10359555,0.06085776,0.10187796
2022-11-14,0.10269842,0.10516853,0.09153944,0.10451422,0.22219662,0.11053769,0.10119508,0.05984982,0.10230018
2022-11-15,0.10138129,0.10505204,0.08971086,0.10475309,0.22081733,0.10942472,0.10643001,0.05935218,0.10307847
2022-11-16,0.10173586,0.10454115,0.09014648,0.10690715,0.21922092,0.11048896,0.10757006,0.05846416,0.10092526
2022-11-17,0.10200619,0.10617859,0.08999222,0.10468686,0.22009543,0.11167668,0.10749274,0.05724938,0.10062191
2022-11-18,0.10158289,0.10613784,0.09049777,0.10532852,0.21728224,0.11206551,0.10865960,0.05658505,0.10186058
2022-11-21,0.10192081,0.10418217,0.09026288,0.10618698,0.21584605,0.11301634,0.10968870,0.05576013,0.10313595
2022-11-22,0.10067552,0.10441800,0.09049358,0.10552945,0.21937623,0.11217472,0.10873558,0.05551966,0.10307726
2022-11-23,0.10034436,0.10469134,0.09115773,0.10673454,0.21756303,0.11192588,0.10889947,0.05588922,0.10279443
2022-11-25,0.10055687,0.10285745,0.09152478,0.10748958,0.21725616,0.11230865,0.10959549,0.05557918,0.10283184
2022-11-28,0.10194649,0.10154004,0.09116778,0.10691914,0.21364352,0.11391851,0.11142942,0.05667298,0.10276211
2022-11-29,0.10195443,0.09940038,0.09267467,0.10534390,0.21508058,0.11313072,0.11104610,0.05575439,0.10561483
2022-11-30,0.10031068,0.10255020,0.09226222,0.10642229,0.21314445,0.11251409,0.10886293,0.05730091,0.10663224
2022-12-01,0.10042961,0.10286600,0.09107475,0.10671203,0.21236215,0.11311581,0.10967132,0.05675082,0.10701751
2022-12-02,0.10080135,0.10289866,0.09068721,0.10757419,0.21133994,0.11362343,0.10996964,0.05614375,0.10696183
2022-12-05,0.10253599,0.10383378,0.08966107,0.10936113,0.20908673,0.11551409,0.11071584,0.05521696,0.10407440
2022-12-06,0.10424877,0.10288997,0.09131145,0.11122711,0.20667051,0.11568317,0.11125886,0.05443681,0.10227334
2022-12-07,0.10443597,0.10165386,0.09141285,0.11157074,0.20658320,0.11659503,0.11087862,0.05466434,0.10220539
2022-12-08,0.10354508,0.10200951,0.09158421,0.11122859,0.20634259,0.11562000,0.11010300,0.05535600,0.10421103
2022-12-09,0.10455443,0.10265009,0.09197590,0.11067580,0.20659809,0.11578514,0.10858332,0.05511610,0.10406113
2022-12-12,0.10270117,0.10248320,0.09174696,0.11133830,0.20793400,0.11509185,0.10864778,0.05502638,0.10503038
2022-12-13,0.10207974,0.10255395,0.09110349,0.11143179,0.20893561,0.11527671,0.10760371,0.05586520,0.10514980
2022-12-14,0.10251505,0.10139125,0.09103481,0.11177856,0.20828109,0.11612358,0.10746176,0.05555145,0.10586245
2022-12-15,0.10425639,0.09828217,0.09028414,0.11205795,0.20978954,0.11660477,0.10831106,0.05456418,0.10584982
2022-12-16,0.10540645,0.09791769,0.09071174,0.11108921,0.21061515,0.11668219,0.10753963,0.05479810,0.10523984
2022-12-19,0.10568940,0.09661852,0.09149696,0.11056660,0.21212848,0.11686884,0.10786607,0.05310660,0.10565853
2022-12-20,0.10549368,0.09638863,0.09176991,0.11036185,0.21479581,0.11677875,0.10860877,0.05317680,0.10262580
2022-12-21,0.10418556,0.09745990,0.09165140,0.11046805,0.21485635,0.11665028,0.10810342,0.05349143,0.10313363
2022-12-22,0.10561725,0.09645047,0.09185630,0.11025301,0.21341477,0.11782064,0.10830573,0.05236416,0.10391768
2022-12-23,0.10465784,0.09530689,0.09145380,0.11033956,0.21706867,0.11704718,0.10753881,0.05279263,0.10379463
2022-12-27,0.10461889,0.09394924,0.09174011,0.11007572,0.22000267,0.11697066,0.10752869,0.05140490,0.10370911
2022-12-28,0.10590985,0.09219009,0.09337971,0.11031966,0.21905904,0.11790014,0.10694808,0.05127467,0.10301876
2022-12-29,0.10485860,0.09386035,0.09298330,0.11043301,0.21852564,0.11732457,0.10653102,0.05223000,0.10325349
2022-12-30,0.10482592,0.09406274,0.09356835,0.10976832,0.22065810,0.11668689,0.10622811,0.05210207,0.10209949
2023-01-03,0.10543095,0.09106696,0.09482422,0.11070565,0.21430593,0.11838354,0.10820511,0.05353819,0.10353944
2023-01-04,0.10486624,0.09151345,0.09519583,0.11097961,0.21377846,0.11903140,0.10774544,0.05282949,0.10406008
2023-01-05,0.10518943,0.09082203,0.09546805,0.10887092,0.21923519,0.11851665,0.10770916,0.05173503,0.10245355
2023-01-06,0.10336846,0.09253366,0.09561058,0.10830690,0.21804393,0.11740947,0.10843767,0.05264988,0.10363944
2023-01-09,0.10394649,0.09343158,0.09574792,0.10945940,0.21517666,0.11500713,0.10768452,0.05373157,0.10581474
2023-01-10,0.10347048,0.09341818,0.09616286,0.10956724,0.21739022,0.11420660,0.10712482,0.05502224,0.10363736
2023-01-11,0.10226690,0.09428084,0.09575059,0.10888200,0.21735969,0.11269771,0.10680699,0.05754094,0.10441435
2023-01-12,0.10200806,0.09398588,0.09541249,0.10869588,0.22041105,0.11184680,0.10557431,0.05750396,0.10456158
2023-01-13,0.10160462,0.09456145,0.09743331,0.10776964,0.21940360,0.11103948,0.10550533,0.05898995,0.10369262
2023-01-17,0.10202465,0.09578382,0.09632420,0.10956976,0.21988227,0.11081064,0.10529980,0.05798418,0.10232069
2023-01-18,0.10371929,0.09685189,0.09498226,0.10886936,0.21894232,0.11095190,0.10440246,0.05858522,0.10269530
2023-01-19,0.10418326,0.09732830,0.09413571,0.10777735,0.22133337,0.11129721,0.10337284,0.05774999,0.10282196
2023-01-20,0.10322904,0.09829045,0.09350192,0.10579460,0.22330535,0.10976397,0.10368763,0.05940165,0.10302540
2023-01-23,0.10255666,0.09994505,0.09439894,0.10619741,0.22069607,0.10877111,0.10455152,0.05917858,0.10370465
2023-01-24,0.10207475,0.10047644,0.09476304,0.10727101,0.22170445,0.10826001,0.10433745,0.05817573,0.10293713
2023-01-25,0.10322890,0.10113487,0.09629829,0.09903198,0.22302924,0.11026466,0.10501550,0.05935882,0.10263774
2023-01-26,0.10191895,0.10132961,0.09566401,0.09753272,0.22904904,0.10846728,0.10358818,0.05983581,0.10261440
2023-01-27,0.10192441,0.10272174,0.09590151,0.09649106,0.22487921,0.10804919,0.10438777,0.06166036,0.10398473
2023-01-30,0.10361563,0.10232952,0.09666601,0.09740430,0.22455689,0.10577430,0.10526822,0.06164735,0.10273778
2023-01-31,0.10214705,0.10178916,0.09586440,0.09548632,0.22615016,0.10518912,0.10503189,0.06233297,0.10600892
2023-02-01,0.10212626,0.10257253,0.09559152,0.09496800,0.22362896,0.10613303,0.10559444,0.06354096,0.10584429
2023-02-02,0.10151396,0.10573635,0.09457596,0.09612789,0.21533321,0.10589330,0.10419956,0.06782116,0.10879860
2023-02-03,0.10183330,0.10865705,0.09634156,0.09524407,0.21750699,0.10562964,0.10313723,0.06229818,0.10935197
2023-02-06,0.10230541,0.10720366,0.09735757,0.09676202,0.21814442,0.10531349,0.10286226,0.06185453,0.10819664
2023-02-07,0.10127825,0.10816971,0.09755498,0.09651363,0.22211992,0.10428167,0.10204665,0.06119155,0.10684365
2023-02-08,0.10215742,0.10718264,0.09770995,0.09600784,0.22209845,0.10532211,0.10237760,0.06047752,0.10666646
2023-02-09,0.10279106,0.10710207,0.09678586,0.09433728,0.22431960,0.10454388,0.10396765,0.05975176,0.10640084
2023-02-10,0.10136905,0.10587985,0.09586835,0.09489873,0.23054092,0.10357674,0.10412326,0.05854728,0.10519584
2023-02-13,0.10060214,0.10705502,0.09617515,0.09528968,0.22790680,0.10317348,0.10491014,0.05925321,0.10563437
2023-02-14,0.10092492,0.10694472,0.09691009,0.09611369,0.22595958,0.10305294,0.10494376,0.05953887,0.10561141
2023-02-15,0.10068765,0.10817672,0.09708733,0.09703543,0.22475065,0.10111663,0.10547424,0.06026874,0.10540261
2023-02-16,0.10166289,0.10808536,0.09667797,0.09638357,0.22626285,0.10137212,0.10482469,0.05904183,0.10568872
2023-02-17,0.10228044,0.10792126,0.09755327,0.09745586,0.21888425,0.10411712,0.10704773,0.05882553,0.10591452
2023-02-21,0.10364921,0.10644765,0.09704481,0.09563123,0.22159421,0.10393821,0.10913960,0.05800592,0.10454916
2023-02-22,0.10428065,0.10740630,0.09688780,0.09623996,0.22005636,0.10442581,0.10750151,0.05910591,0.10409569
2023-02-23,0.10402653,0.10749713,0.09742599,0.09494999,0.22154063,0.10413833,0.10564109,0.05898034,0.10579997
2023-02-24,0.10435584,0.10589577,0.09861606,0.09531591,0.22226201,0.10330229,0.10625888,0.05773450,0.10625872
2023-02-27,0.10425701,0.10666803,0.09938257,0.09444756,0.22165054,0.10297951,0.10539076,0.05784021,0.10738382
2023-02-28,0.10452048,0.10656893,0.10046776,0.09359261,0.22092425,0.10166756,0.10617257,0.05827706,0.10780878
2023-03-01,0.10499293,0.10552556,0.10035865,0.09248028,0.22390161,0.10166734,0.10516673,0.05726070,0.10864621
2023-03-02,0.10450924,0.10547314,0.09885918,0.09513723,0.22389515,0.10111939,0.10494366,0.05697218,0.10909083
2023-03-03,0.10307076,0.10767152,0.09928848,0.09593274,0.22360824,0.10075461,0.10362443,0.05787737,0.10817186
2023-03-06,0.10256682,0.10913150,0.09822531,0.09620071,0.22448747,0.10126447,0.10310312,0.05689646,0.10812416
2023-03-07,0.10398448,0.10903600,0.09665449,0.09667827,0.22319087,0.10169397,0.10348775,0.05755982,0.10771436
2023-03-08,0.10430049,0.11028357,0.09637473,0.09762953,0.22059969,0.10125499,0.10294500,0.05796308,0.10864891
2023-03-09,0.10566474,0.11005970,0.09234967,0.09825382,0.22175786,0.10142594,0.10358919,0.05767711,0.10922196
2023-03-10,0.10615071,0.10903139,0.09513041,0.09770202,0.22002189,0.10214169,0.10391390,0.05698767,0.10892031
2023-03-13,0.10611425,0.11043988,0.09339003,0.09804306,0.21741583,0.10308313,0.10418154,0.05803550,0.10929678
2023-03-14,0.10497794,0.11079657,0.09476222,0.09866067,0.21589522,0.10255230,0.10361364,0.05893588,0.10980556
2023-03-15,0.10623111,0.11241310,0.09136303,0.10113744,0.20760398,0.10406641,0.10601975,0.06046914,0.11069605
2023-03-16,0.10545559,0.11367857,0.09245680,0.10134305,0.20489189,0.10309251,0.10464790,0.06242381,0.11200987
2023-03-17,0.10640058,0.11407169,0.08976081,0.10150002,0.20429297,0.10290210,0.10644085,0.06229696,0.11233403
2023-03-20,0.10557101,0.11493481,0.09000249,0.10110791,0.20799909,0.10311156,0.10674739,0.06103666,0.10948908
2023-03-21,0.10393806,0.11450860,0.09098697,0.09874472,0.21395652,0.10151665,0.10473821,0.06187609,0.10973418
2023-03-22,0.10545169,0.11511856,0.08992906,0.09854757,0.21210381,0.10109428,0.10558241,0.06158541,0.11058720
2023-03-23,0.10560911,0.11609392,0.08982252,0.09826864,0.21002393,0.10129880,0.10659646,0.06168358,0.11060305
2023-03-24,0.10515298,0.11655258,0.08807373,0.10033641,0.20935947,0.10187571,0.10700386,0.06105630,0.11058895
2023-03-27,0.10429158,0.11417670,0.08985581,0.09918578,0.21219725,0.10147138,0.10790106,0.06050060,0.11041985
2023-03-28,0.10423404,0.11365953,0.09007882,0.09886823,0.21472611,0.10043634,0.10742264,0.05997381,0.11060047
2023-03-29,0.10291956,0.11444722,0.08912228,0.09875020,0.21566004,0.10014301,0.10652586,0.06105052,0.11138130
2023-03-30,0.10245634,0.11505888,0.08845321,0.09892574,0.21573371,0.09977031,0.10710520,0.06183666,0.11065995
2023-03-31,0.10157963,0.11585894,0.08875891,0.09870673,0.21421982,0.09992876,0.10748626,0.06208290,0.11137806
2023-04-03,0.10014586,0.11510332,0.08740535,0.09679586,0.22365683,0.09969418,0.10686029,0.06068515,0.10965315
2023-04-04,0.10053961,0.11518037,0.08657597,0.09779752,0.22239002,0.10113262,0.10622704,0.06183989,0.10831696
2023-04-05,0.09973760,0.11297152,0.08601343,0.09848846,0.22439455,0.10483291,0.10712608,0.05966465,0.10677080
2023-04-06,0.09991424,0.11379356,0.08607122,0.09946903,0.22106435,0.10472687,0.10812603,0.06033787,0.10649682
2023-04-10,0.10020629,0.11230332,0.08660723,0.09907763,0.22072772,0.10450517,0.10823355,0.06057946,0.10775963
2023-04-11,0.10014826,0.11138626,0.08698347,0.09890663,0.22215998,0.10441282,0.10785465,0.05921106,0.10893687
2023-04-12,0.10053746,0.11133236,0.08730792,0.09960787,0.22279131,0.10459530,0.10774712,0.05819786,0.10788280
2023-04-13,0.09950450,0.11394633,0.08674038,0.09891058,0.22153557,0.10490367,0.10674720,0.06029062,0.10742114
2023-04-14,0.09890825,0.11302410,0.09273112,0.09728296,0.22074073,0.10410561,0.10539066,0.05999372,0.10782286
2023-04-17,0.09892504,0.11305695,0.09348226,0.09794798,0.21820987,0.10401652,0.10614684,0.06013853,0.10807601
2023-04-18,0.09859227,0.11352222,0.09421389,0.09732021,0.22172295,0.10075066,0.10602327,0.05967955,0.10817497
2023-04-19,0.09819356,0.11385102,0.09371343,0.09771886,0.22012760,0.10129050,0.10570725,0.06060024,0.10879755
2023-04-20,0.09843627,0.11346515,0.09367232,0.09772462,0.21891118,0.10219687,0.10664668,0.06046462,0.10848228
2023-04-21,0.09827388,0.11217002,0.09333848,0.09786075,0.21924931,0.10147316,0.10700674,0.06219658,0.10843108
2023-04-24,0.09770708,0.11173258,0.09292559,0.09735793,0.22209983,0.10150182,0.10711176,0.06140425,0.10815915
2023-04-25,0.09975659,0.11299989,0.09281186,0.09786583,0.22353563,0.10458063,0.10850666,0.06054370,0.09939922
2023-04-26,0.10088538,0.11427155,0.09219850,0.09420390,0.22398908,0.10412483,0.10925663,0.06266741,0.09840272
2023-04-27,0.09931040,0.11568171,0.09198063,0.09496173,0.22312788,0.10273879,0.10788593,0.06453319,0.09977973
2023-04-28,0.09888882,0.11605929,0.09238544,0.09553099,0.22505228,0.10274201,0.10713697,0.06170222,0.10050199
2023-05-01,0.09939846,0.11659556,0.09484992,0.09623635,0.21919675,0.10320842,0.10813138,0.06002051,0.10236266
2023-05-02,0.10070535,0.11739718,0.09454531,0.09640987,0.21322817,0.10547939,0.10925677,0.06175115,0.10122682
2023-05-03,0.10178204,0.11788496,0.09353386,0.09673491,0.21126037,0.10521180,0.11001589,0.06242341,0.10115276
2023-05-04,0.10254230,0.11758812,0.09294356,0.09761260,0.20911129,0.10551605,0.11114789,0.06310204,0.10043615
2023-05-05,0.10089913,0.12113350,0.09324072,0.09604843,0.21088311,0.10417746,0.11031171,0.06308195,0.10022400
2023-05-08,0.10074848,0.12090385,0.09332618,0.09660357,0.21140141,0.10378535,0.11083645,0.06308911,0.09930562
2023-05-09,0.10106565,0.12007512,0.09316924,0.09629614,0.21212521,0.10330385,0.11137469,0.06376016,0.09882994
2023-05-10,0.10090105,0.12112886,0.09306521,0.09780566,0.20906311,0.10351986,0.11088075,0.06578775,0.09784774
2023-05-11,0.10136061,0.12181370,0.09319452,0.09724162,0.20621425,0.10356678,0.11180194,0.06728090,0.09752569
2023-05-12,0.10146464,0.12127811,0.09195305,0.09972060,0.20640632,0.10353781,0.11188016,0.06619723,0.09756209
2023-05-15,0.10152708,0.12100114,0.09278496,0.09924439,0.20692725,0.10280894,0.11107868,0.06680266,0.09782491
2023-05-16,0.10249767,0.12215791,0.09304165,0.09799651,0.20383546,0.10365520,0.11059009,0.06877557,0.09744993
2023-05-17,0.10139577,0.12128007,0.09487142,0.09630385,0.20616791,0.10231561,0.10921855,0.06929612,0.09915070
2023-05-18,0.10074773,0.12215177,0.09498001,0.09538357,0.20670685,0.10133560,0.10992845,0.07043299,0.09833304
2023-05-19,0.10095206,0.12247645,0.09495431,0.09478797,0.20808564,0.10181663,0.10901696,0.06944089,0.09846909
2023-05-22,0.10153792,0.12251206,0.09471625,0.09546605,0.20675245,0.10185562,0.10868414,0.06909889,0.09937662
2023-05-23,0.10172288,0.12087518,0.09389884,0.09510139,0.20995072,0.10200211,0.10867694,0.06921272,0.09855922
2023-05-24,0.10161613,0.12094539,0.09294188,0.09510405,0.21207607,0.10179759,0.10806513,0.07019832,0.09725544
2023-05-25,0.10216908,0.12241734,0.09367550,0.09452677,0.20940508,0.10088152,0.10757128,0.06952236,0.09983108
2023-05-26,0.10156281,0.12340734,0.09399134,0.09525184,0.20680313,0.10024395,0.10712316,0.07218070,0.09943574
2023-05-30,0.10177784,0.12498689,0.09454800,0.09386519,0.20540486,0.10046921,0.10708603,0.07326698,0.09859501
2023-05-31,0.10230236,0.12559557,0.09382537,0.09534838,0.20277236,0.10143836,0.10823485,0.07299081,0.09749193
2023-06-01,0.10160477,0.12673776,0.09446961,0.09405366,0.20371532,0.10040879,0.10789201,0.07380972,0.09730837
2023-06-02,0.10027045,0.12567067,0.09518737,0.09395074,0.20570816,0.10064827,0.10749358,0.07371852,0.09735223
2023-06-05,0.10049610,0.12499984,0.09446433,0.09383066,0.20525488,0.10174237,0.10844496,0.07450880,0.09625805
2023-06-06,0.10031089,0.12451242,0.09445971,0.09339045,0.20655000,0.10146504,0.10823066,0.07514902,0.09593181
2023-06-07,0.09981105,0.12293107,0.09489965,0.09392553,0.21012876,0.10117647,0.10784950,0.07159719,0.09768079
2023-06-08,0.09915295,0.12400910,0.09430072,0.09422460,0.20808935,0.10161258,0.10868834,0.07289694,0.09702542
2023-06-09,0.09941839,0.12460966,0.09474131,0.09342990,0.20710362,0.10172569,0.10963819,0.07260971,0.09672352
2023-06-12,0.09911793,0.12617591,0.09444825,0.09303435,0.20461271,0.10134856,0.11002799,0.07423185,0.09700247
2023-06-13,0.09881302,0.12545927,0.09483886,0.09321204,0.20402161,0.10156756,0.11054368,0.07405612,0.09748784
2023-06-14,0.09890629,0.12601610,0.09457410,0.09210789,0.20175836,0.10218205,0.11176663,0.07398555,0.09870303
2023-06-15,0.09794638,0.12619064,0.09471532,0.09240695,0.20118727,0.10254949,0.11128868,0.07366741,0.10004787
2023-06-16,0.09823669,0.12582296,0.09510891,0.09421386,0.20033530,0.10316755,0.11006170,0.07294408,0.10010895
2023-06-20,0.09899384,0.12685448,0.09535358,0.09389755,0.19725147,0.10389939,0.10993302,0.07367617,0.10014050
2023-06-21,0.09898672,0.12612545,0.09520624,0.09517181,0.19944543,0.10373367,0.11013904,0.07311444,0.09807720
2023-06-22,0.09876876,0.12792739,0.09316769,0.09414774,0.19791420,0.10460422,0.11081434,0.07606257,0.09659310
2023-06-23,0.09932353,0.12842579,0.09320098,0.09346678,0.19729182,0.10510286,0.11122929,0.07600790,0.09595105
2023-06-26,0.09908886,0.12715468,0.09320848,0.09339683,0.20045852,0.10368231,0.11067383,0.07465568,0.09768081
2023-06-27,0.09874339,0.12861951,0.09289017,0.09259514,0.20025762,0.10310612,0.10988962,0.07547629,0.09842214
2023-06-28,0.09851569,0.12913492,0.09226985,0.09179414,0.20142020,0.10266047,0.11023234,0.07522064,0.09875175
2023-06-29,0.09805688,0.12876443,0.09504749,0.09058286,0.20295489,0.10289719,0.10897731,0.07420889,0.09851006
2023-06-30,0.09677568,0.13001791,0.09512019,0.09110601,0.20133557,0.10243151,0.10957509,0.07464794,0.09899011
2023-07-03,0.09656782,0.12872866,0.09567943,0.09113085,0.20129653,0.10087152,0.11004928,0.07440762,0.10126829
2023-07-05,0.09696768,0.12850279,0.09543561,0.09220949,0.20109552,0.10095435,0.11044211,0.07480753,0.09958493
2023-07-06,0.09829370,0.13058683,0.09578422,0.09106350,0.19623774,0.10157432,0.11124433,0.07465565,0.10055971
2023-07-07,0.09865981,0.13030101,0.09689959,0.09018849,0.19742798,0.10047005,0.10908591,0.07576268,0.10120449
2023-07-10,0.09845103,0.12861375,0.09723717,0.08957295,0.19993212,0.10042111,0.10984088,0.07405862,0.10187237
2023-07-11,0.09780124,0.12740585,0.09810601,0.08957736,0.20104091,0.09920795,0.10895386,0.07452467,0.10338215
2023-07-12,0.09721765,0.12778360,0.09800354,0.09062167,0.20082191,0.09827407,0.10857686,0.07524197,0.10345872
2023-07-13,0.09733286,0.12845410,0.09859653,0.09102543,0.19737818,0.09884486,0.10806747,0.07734688,0.10295369
2023-07-14,0.09787460,0.12927076,0.09974467,0.09089872,0.19164190,0.10005843,0.10904262,0.07799744,0.10347086
2023-07-17,0.09764188,0.13119517,0.10190602,0.09001365,0.19201960,0.09932104,0.10891702,0.07716491,0.10182071
2023-07-18,0.09776136,0.13117964,0.10221697,0.08936717,0.19138222,0.09943627,0.10885308,0.07683706,0.10296622
2023-07-19,0.09729268,0.13147397,0.10211752,0.08900048,0.19178579,0.09876051,0.10836627,0.07792518,0.10327761
2023-07-20,0.09621684,0.12870731,0.10223226,0.09045781,0.19300595,0.10359966,0.10915028,0.07398917,0.10264072
2023-07-21,0.09588456,0.12747250,0.10109626,0.09233518,0.19323221,0.10435169,0.10938805,0.07375633,0.10248322
2023-07-24,0.09529854,0.12722808,0.10245618,0.09128724,0.19506442,0.10425627,0.10935795,0.07262889,0.10242244
2023-07-25,0.09539942,0.12793763,0.10179866,0.09131123,0.19556701,0.10516581,0.10938437,0.07289205,0.10054382
2023-07-26,0.09552539,0.12868882,0.10254409,0.09013499,0.19473198,0.10550625,0.10992104,0.07243437,0.10051306
2023-07-27,0.09564864,0.12800686,0.10154393,0.08891638,0.19559552,0.10623568,0.10966324,0.07258443,0.10180533
2023-07-28,0.09531981,0.12928992,0.10177211,0.08810274,0.19259330,0.10635198,0.10980122,0.07456839,0.10220053
2023-07-31,0.09498975,0.12925016,0.10209838,0.08834004,0.19760171,0.10176208,0.10938679,0.07513641,0.10143468
2023-08-01,0.09549111,0.12937676,0.10213042,0.08743723,0.19749618,0.10312967,0.10944823,0.07440857,0.10108183
2023-08-02,0.09629795,0.12844894,0.10182698,0.08785836,0.19668047,0.10462915,0.11044931,0.07305437,0.10075446
2023-08-03,0.09622592,0.12741306,0.10237288,0.08558288,0.19994923,0.10500009,0.11039441,0.07339829,0.09966323
2023-08-04,0.09649322,0.12163165,0.10244055,0.08468205,0.20106617,0.10430448,0.11006158,0.07968859,0.09963171
2023-08-07,0.09615613,0.11911549,0.10256687,0.08373963,0.19995342,0.10643655,0.11116635,0.08091796,0.09994760
2023-08-08,0.09624123,0.11985416,0.10208136,0.08389923,0.20111986,0.10657998,0.11137563,0.07969119,0.09915736
2023-08-09,0.09628887,0.11883975,0.10076253,0.08419730,0.20463747,0.10656503,0.11161112,0.07853987,0.09855806
2023-08-10,0.09625725,0.11865403,0.10057879,0.08340025,0.20561592,0.10597606,0.11151876,0.07891846,0.09908048
2023-08-11,0.09577817,0.11810336,0.10065822,0.08375073,0.20776958,0.10647754,0.11161461,0.07844067,0.09740712
2023-08-14,0.09572289,0.11914388,0.10080856,0.08326517,0.20781675,0.10616512,0.11071976,0.07961881,0.09673906
2023-08-15,0.09712753,0.11953817,0.09968388,0.08299592,0.20545264,0.10741243,0.11176871,0.07912047,0.09690024
2023-08-16,0.09785195,0.11983250,0.10000122,0.08387565,0.20350208,0.10786943,0.11265890,0.07820520,0.09620307
2023-08-17,0.09795437,0.11821192,0.09906610,0.08390131,0.20766141,0.10899706,0.11024880,0.07765527,0.09630377
2023-08-18,0.09750830,0.11800500,0.09884057,0.08391512,0.20984318,0.10755296,0.11132574,0.07686317,0.09614597
2023-08-21,0.09813789,0.11968582,0.09981933,0.08352309,0.20864546,0.10502177,0.11174660,0.07820727,0.09521277
2023-08-22,0.09854262,0.12112940,0.09815235,0.08441766,0.20833036,0.10461678,0.11185124,0.07827908,0.09468051
2023-08-23,0.09818146,0.12333437,0.09845399,0.08456916,0.20574268,0.10329789,0.11221497,0.07872999,0.09547549
2023-08-24,0.09911311,0.12124636,0.09929381,0.08452914,0.20614431,0.10463302,0.11241280,0.07731889,0.09530856
2023-08-25,0.09812289,0.12155263,0.09818163,0.08460586,0.20773088,0.10507291,0.11194941,0.07737087,0.09541291
2023-08-28,0.09787333,0.12231603,0.09827157,0.08446519,0.20894441,0.10357006,0.11230148,0.07710460,0.09515333
2023-08-29,0.09706986,0.12395774,0.09825742,0.08371971,0.20846308,0.10273233,0.11231286,0.07748826,0.09599874
2023-08-30,0.09666654,0.12580937,0.09745453,0.08285318,0.20961976,0.10194434,0.11264987,0.07725782,0.09574458
2023-08-31,0.09675270,0.12606914,0.09633660,0.08256857,0.21039321,0.10075766,0.11373648,0.07900981,0.09437583
2023-09-01,0.09639674,0.12666836,0.09630358,0.08235100,0.21401175,0.09964188,0.11259328,0.07878187,0.09325153
2023-09-05,0.09690179,0.12749331,0.09573995,0.08195302,0.21515196,0.10028878,0.11227250,0.07870727,0.09149143
2023-09-06,0.09752037,0.12371463,0.09619185,0.08184079,0.21839446,0.09925185,0.11383519,0.07810755,0.09114332
2023-09-07,0.09759214,0.12018444,0.09543921,0.08259922,0.21748637,0.10059464,0.11533001,0.07960291,0.09117106
2023-09-08,0.09715745,0.12006689,0.09508684,0.08295121,0.21967185,0.10047828,0.11502703,0.07946680,0.09009364
2023-09-11,0.09679393,0.12040984,0.09514600,0.08350645,0.21610507,0.10141159,0.11499548,0.08195870,0.08967294
2023-09-12,0.09650868,0.11800677,0.09610017,0.08350696,0.22175331,0.10168463,0.11478219,0.08064931,0.08700799
2023-09-13,0.09645235,0.11653977,0.09609004,0.08432076,0.21964325,0.10187998,0.11474308,0.08266823,0.08766254
2023-09-14,0.09552433,0.11643214,0.09701148,0.08454677,0.22141572,0.10074592,0.11411556,0.08179935,0.08840874
2023-09-15,0.09642693,0.11704407,0.09763941,0.08455724,0.22007562,0.10027554,0.11476861,0.08010172,0.08911086
2023-09-18,0.09624658,0.11880106,0.09765982,0.08390725,0.22143340,0.10072034,0.11370509,0.07971840,0.08780806
2023-09-19,0.09649212,0.11984033,0.09778422,0.08332003,0.22141334,0.10080949,0.11396727,0.07858005,0.08779316
2023-09-20,0.09703464,0.11810477,0.09791806,0.08349098,0.22089336,0.10182004,0.11497982,0.07767831,0.08808003
2023-09-21,0.09824377,0.11851348,0.09836275,0.08397912,0.22049483,0.10229782,0.11499924,0.07518161,0.08792738
2023-09-22,0.09829326,0.11915946,0.09746919,0.08501342,0.22095191,0.10161493,0.11536273,0.07509733,0.08703777
2023-09-25,0.09775928,0.11938681,0.09741868,0.08426435,0.22221794,0.10091176,0.11524485,0.07593304,0.08686329
2023-09-26,0.09891869,0.11797613,0.09755094,0.08257196,0.22520166,0.10131852,0.11620403,0.07373731,0.08652076
2023-09-27,0.09906022,0.11709371,0.09826345,0.07588152,0.23286629,0.10024480,0.11581172,0.07384281,0.08693547
2023-09-28,0.09920479,0.11744350,0.09962866,0.07234222,0.23178983,0.10024414,0.11656883,0.07395058,0.08882746
2023-09-29,0.09985296,0.11857095,0.09853343,0.07308276,0.22961337,0.10017230,0.11544638,0.07510729,0.08962057
2023-10-02,0.10073844,0.12139708,0.09855038,0.06711579,0.22780782,0.10067131,0.11659396,0.07716816,0.08995705
2023-10-03,0.10121151,0.12101954,0.09828317,0.06824557,0.22927353,0.10126794,0.11640249,0.07469187,0.08960438
2023-10-04,0.10194303,0.12278509,0.09943746,0.06592571,0.22229788,0.10211804,0.11865138,0.07660701,0.09023440
2023-10-05,0.10259998,0.12446586,0.10050023,0.06481696,0.21869399,0.10384669,0.11799194,0.07646931,0.09061504
2023-10-06,0.10251215,0.12619366,0.10196012,0.06579610,0.21485797,0.10408797,0.11591222,0.07761700,0.09106281
2023-10-09,0.10174470,0.12630740,0.10096664,0.06410767,0.22071128,0.10389851,0.11462520,0.07721652,0.09042208
2023-10-10,0.10125738,0.12528107,0.10109385,0.06672417,0.21872340,0.10328348,0.11536451,0.07757765,0.09069449
2023-10-11,0.10163013,0.12673609,0.10181431,0.06951458,0.21165774,0.10223663,0.11625206,0.07927640,0.09088206
2023-10-12,0.10156529,0.12729629,0.10151265,0.06876956,0.21148300,0.10226952,0.11670652,0.07952631,0.09087087
2023-10-13,0.10074066,0.12496316,0.10220074,0.07012884,0.21646457,0.10177660,0.11639986,0.07736654,0.08995904
2023-10-16,0.10035691,0.12439662,0.10170827,0.06972068,0.21579702,0.10182847,0.11695764,0.07871078,0.09052363
2023-10-17,0.10034381,0.12328776,0.10147488,0.06944236,0.21859472,0.10088445,0.11709470,0.07805926,0.09081804
2023-10-18,0.10096635,0.12313531,0.10098326,0.06867359,0.22303130,0.09932524,0.11790877,0.07654815,0.08942803
2023-10-19,0.10130512,0.12328145,0.10089152,0.06780391,0.22391828,0.09939101,0.11774047,0.07696683,0.08870142
2023-10-20,0.10241743,0.12280239,0.10035652,0.06798578,0.22249110,0.10093086,0.11754504,0.07585450,0.08961639
2023-10-23,0.10302727,0.12361935,0.09957696,0.06781146,0.22053157,0.10046342,0.11992075,0.07715354,0.08789567
2023-10-24,0.10236124,0.12313261,0.09905251,0.07208083,0.21698394,0.09970848,0.12080310,0.07786613,0.08801115
2023-10-25,0.10297277,0.12219702,0.09910077,0.07427425,0.21868301,0.10052966,0.12116004,0.07396265,0.08711982
2023-10-26,0.10422418,0.12063880,0.10056232,0.07665486,0.21932271,0.10002610,0.12188656,0.07373911,0.08294537
2023-10-27,0.10510017,0.12262222,0.09775496,0.07551334,0.21695239,0.09856514,0.12245512,0.07943968,0.08159697
2023-10-30,0.10379470,0.12258926,0.09777157,0.07584836,0.21492744,0.09829687,0.12232224,0.08150533,0.08294423
2023-10-31,0.10319737,0.12222734,0.09836902,0.07686209,0.21363002,0.09860195,0.12190924,0.08126831,0.08393465
2023-11-01,0.10270430,0.12392278,0.09781456,0.07666541,0.21218752,0.09836238,0.12241078,0.08325617,0.08267611
2023-11-02,0.10101976,0.12441252,0.09792750,0.07731801,0.21556272,0.09775760,0.12087772,0.08253021,0.08259396
2023-11-03,0.10121728,0.12400993,0.09921522,0.07678385,0.21335151,0.09866590,0.12048480,0.08300900,0.08326251
2023-11-06,0.10131104,0.12593767,0.10005713,0.07641492,0.20976476,0.09899220,0.12075753,0.08376929,0.08299547
2023-11-07,0.10138111,0.12784594,0.10007768,0.07571656,0.20661854,0.09853824,0.12140538,0.08560887,0.08280768
2023-11-08,0.10180907,0.12914115,0.10099564,0.07478756,0.20494214,0.09859358,0.12092426,0.08559073,0.08321586
2023-11-09,0.10267774,0.12990122,0.10155473,0.07177902,0.20675104,0.09749702,0.12167396,0.08542185,0.08274341
2023-11-10,0.10167128,0.13161467,0.10205069,0.07162097,0.20629525,0.09643003,0.12214977,0.08636526,0.08180207
2023-11-13,0.10161547,0.13041329,0.10154192,0.07075081,0.20834817,0.09662579,0.12317725,0.08573462,0.08179268
2023-11-14,0.10027529,0.13053180,0.10203107,0.07372491,0.20639194,0.09537080,0.12153095,0.08650850,0.08363474
2023-11-15,0.10003387,0.13061348,0.10267683,0.07284453,0.20465123,0.09587571,0.12277869,0.08476126,0.08576440
2023-11-16,0.10104389,0.13312519,0.10489793,0.07306367,0.20432454,0.09768984,0.11398177,0.08539587,0.08647731
2023-11-17,0.10021775,0.13202283,0.10498142,0.07345216,0.20759870,0.09669100,0.11254997,0.08609120,0.08639496
2023-11-20,0.09992722,0.13286148,0.10499900,0.07320092,0.20608971,0.09726063,0.11218758,0.08640335,0.08707011
2023-11-21,0.09993279,0.13230675,0.10478566,0.07402208,0.20602228,0.09805112,0.11259840,0.08508953,0.08719140
2023-11-22,0.09983817,0.13264601,0.10493281,0.07389799,0.20494054,0.09776382,0.11163288,0.08666899,0.08767880
2023-11-24,0.09951223,0.13128689,0.10473348,0.07375926,0.20537131,0.09853011,0.11226840,0.08640371,0.08813461
2023-11-27,0.09977482,0.13150860,0.10477046,0.07399245,0.20471204,0.09799977,0.11307674,0.08721617,0.08694894
2023-11-28,0.09946450,0.13152094,0.10468323,0.07450532,0.20395754,0.09792101,0.11406966,0.08653293,0.08734487
2023-11-29,0.09986759,0.13133958,0.10564145,0.07506450,0.20170938,0.09862907,0.11268375,0.08646406,0.08860060
2023-11-30,0.09952635,0.13129168,0.10648116,0.07500029,0.20180584,0.09993983,0.11201810,0.08603317,0.08790360
2023-12-01,0.09886919,0.13131054,0.10629317,0.07534551,0.20096121,0.10166790,0.11031356,0.08601502,0.08922390
2023-12-04,0.09912692,0.13040679,0.10735166,0.07490356,0.20038946,0.10225473,0.11057245,0.08495471,0.09003971
2023-12-05,0.09919925,0.13325074,0.10741636,0.07439607,0.19663969,0.10211679,0.11167862,0.08621412,0.08908834
2023-12-06,0.09971385,0.13318022,0.10683899,0.07731197,0.19504238,0.10139703,0.11103975,0.08526893,0.09020689
2023-12-07,0.09966942,0.13447065,0.10711929,0.07682823,0.19359821,0.10056237,0.11025980,0.08662275,0.09086928
2023-12-08,0.09940897,0.13511340,0.10801825,0.07643542,0.19530928,0.09966706,0.10881759,0.08671403,0.09051600
2023-12-11,0.09957977,0.13359589,0.10859973,0.07657957,0.19578247,0.10025208,0.10927912,0.08596150,0.09036987
2023-12-12,0.09963055,0.13472265,0.10962488,0.07637483,0.19279519,0.10030968,0.10942159,0.08694268,0.09017795
2023-12-13,0.09840363,0.13528463,0.10863914,0.07922376,0.19211058,0.09953440,0.10999481,0.08666388,0.09014516
2023-12-14,0.09752230,0.13417455,0.10962480,0.07885333,0.19550969,0.09932678,0.10767933,0.08506829,0.09224093
2023-12-15,0.09765235,0.13398724,0.11060100,0.07734862,0.19445986,0.09837506,0.10822680,0.08665517,0.09269389
2023-12-18,0.09729296,0.13235899,0.11086087,0.07643742,0.19518429,0.09818988,0.10940278,0.08869657,0.09157624
2023-12-19,0.09667576,0.13222433,0.11162878,0.07666226,0.19650282,0.09820723,0.10910161,0.08797373,0.09102348
2023-12-20,0.09814503,0.13279568,0.11204707,0.07564056,0.19615759,0.09766706,0.10946362,0.08834092,0.08974246
2023-12-21,0.09775261,0.13216291,0.11223561,0.07503597,0.19626076,0.09827297,0.10979908,0.08898257,0.08949754
2023-12-22,0.09757508,0.13119105,0.11196488,0.07508820,0.19625095,0.09848728,0.11090949,0.08857847,0.08995460
2023-12-26,0.09743473,0.13063017,0.11246503,0.07555744,0.19641095,0.09877579,0.11058028,0.08844530,0.08970033
2023-12-27,0.09736270,0.13060120,0.11305595,0.07596557,0.19534340,0.09883553,0.11153703,0.08833958,0.08895905
2023-12-28,0.09747631,0.13104468,0.11378924,0.07660659,0.19274335,0.09909641,0.11144793,0.08846574,0.08932976
2023-12-29,0.09770279,0.13063671,0.11391968,0.07643225,0.19278628,0.09942816,0.11176358,0.08783879,0.08949178
2024-01-02,0.09722000,0.12533922,0.11467624,0.07709383,0.19640016,0.10097566,0.11236821,0.08624847,0.08967821
2024-01-03,0.09721193,0.12439040,0.11416697,0.07761328,0.19803382,0.10159846,0.11236593,0.08540150,0.08921771
2024-01-04,0.09786197,0.12363186,0.11569306,0.07789278,0.19761979,0.10206179,0.11202376,0.08371426,0.08950074
2024-01-05,0.09766835,0.12289209,0.11604349,0.07809090,0.19782637,0.10217693,0.11105802,0.08393584,0.09030801
2024-01-08,0.09719971,0.12525906,0.11531906,0.07876775,0.19359681,0.10193908,0.11161127,0.08575311,0.09055415
2024-01-09,0.09745355,0.12530191,0.11470614,0.07783129,0.19169819,0.10226859,0.11265228,0.08728603,0.09080202
2024-01-10,0.09715759,0.12562986,0.11459902,0.07793279,0.18923691,0.10210940,0.11370603,0.08837768,0.09125072
2024-01-11,0.09752235,0.12569517,0.11454499,0.07626597,0.18990885,0.10203683,0.11400554,0.08954620,0.09047410
2024-01-12,0.09729615,0.12562659,0.11344051,0.07649006,0.19192625,0.10258350,0.11388938,0.08901610,0.08973146
2024-01-16,0.09835980,0.12543570,0.11396156,0.07645214,0.18963728,0.10251074,0.11549840,0.08913952,0.08900484
2024-01-17,0.09906891,0.12568637,0.11416818,0.07434936,0.18961625,0.10319190,0.11578475,0.08893217,0.08920210
2024-01-18,0.09833884,0.12882367,0.11355067,0.07301619,0.18786957,0.10292946,0.11647989,0.08931836,0.08967335
2024-01-19,0.09787670,0.13020992,0.11496793,0.07218143,0.18727645,0.10274442,0.11532174,0.08996423,0.08945719
2024-01-22,0.09769687,0.13155153,0.11462196,0.07153293,0.18668171,0.10305675,0.11511695,0.08947522,0.09026608
2024-01-23,0.09740075,0.13202539,0.11352215,0.07198096,0.18821118,0.10106223,0.11505778,0.08991867,0.09082090
2024-01-24,0.09743084,0.13160607,0.11457191,0.07153891,0.19151898,0.10055576,0.11346733,0.09043647,0.08887374
2024-01-25,0.09629302,0.12984847,0.11485439,0.07190646,0.19409049,0.09975655,0.11377721,0.08988174,0.08959167
2024-01-26,0.09608384,0.12839864,0.11416752,0.07236901,0.19531861,0.09950242,0.11452703,0.09046538,0.08916755
2024-01-29,0.09585543,0.12763408,0.11419359,0.07354264,0.19510023,0.09917878,0.11479033,0.09146410,0.08824082
2024-01-30,0.09640724,0.12589830,0.11720480,0.07360592,0.19949598,0.09938041,0.11583589,0.09070142,0.08147005
2024-01-31,0.09762704,0.12502331,0.11740168,0.07371995,0.19808956,0.10072025,0.11706066,0.08965389,0.08070366
2024-02-01,0.09701439,0.12589618,0.11624340,0.07465674,0.19604232,0.09974805,0.11848012,0.09143337,0.08048543
2024-02-02,0.09664268,0.12473593,0.11646457,0.07237918,0.19449010,0.09826778,0.11890974,0.09824823,0.07986179
2024-02-05,0.09722636,0.12672490,0.11701373,0.07008648,0.19485884,0.09834996,0.11898590,0.09797865,0.07877519
2024-02-06,0.09639642,0.12672769,0.11641377,0.06981100,0.19452719,0.09892487,0.11877457,0.09648064,0.08194386
2024-02-07,0.09624245,0.12659879,0.11644687,0.06988543,0.19415952,0.09871687,0.11828458,0.09711242,0.08255307
2024-02-08,0.09614056,0.12573701,0.11590586,0.06970001,0.19727445,0.09762613,0.11815238,0.09661708,0.08284652
2024-02-09,0.09626634,0.12641694,0.11619692,0.07015075,0.19335275,0.09797884,0.11824408,0.09936941,0.08202397
2024-02-12,0.09587310,0.12476720,0.11623803,0.07106193,0.19521190,0.09825714,0.11847065,0.09776651,0.08235354
2024-02-13,0.09705013,0.12487503,0.11664097,0.06905948,0.19590734,0.09859387,0.11910823,0.09684205,0.08192289
2024-02-14,0.09698355,0.12418915,0.11774489,0.06996141,0.19480700,0.09806657,0.11864652,0.09811843,0.08148249
2024-02-15,0.09580796,0.12249056,0.11885503,0.07066814,0.19796099,0.09823390,0.11768800,0.09626015,0.08203526
2024-02-16,0.09577828,0.12142030,0.11826334,0.07035021,0.19789967,0.09809070,0.11839517,0.09606597,0.08373638
2024-02-20,0.09568538,0.12080354,0.11861057,0.06976437,0.19583983,0.09881557,0.12209895,0.09459698,0.08378481
2024-02-21,0.09515780,0.12064036,0.11872447,0.06998025,0.19874054,0.09878119,0.11993434,0.09492562,0.08311543
2024-02-22,0.09435047,0.12096178,0.11912931,0.06886400,0.19688526,0.09903562,0.12008747,0.09746435,0.08322174
2024-02-23,0.09450472,0.11994382,0.11992372,0.06911048,0.19547528,0.10005691,0.12038667,0.09785296,0.08274543
2024-02-26,0.09460917,0.11918167,0.11964519,0.06781579,0.19646398,0.09951762,0.12274394,0.09781555,0.08220709
2024-02-27,0.09451699,0.12003167,0.11958726,0.06825338,0.19585836,0.09953814,0.12260377,0.09705472,0.08255572
2024-02-28,0.09455089,0.11927918,0.12023663,0.06763884,0.19647481,0.09992641,0.12270948,0.09687693,0.08230682
2024-02-29,0.09442633,0.11868210,0.12117234,0.06773382,0.19659215,0.09968975,0.12047179,0.09876073,0.08247097
2024-03-01,0.09416643,0.11764172,0.12033872,0.06757186,0.19852699,0.09987120,0.12044767,0.09930239,0.08213302
2024-03-04,0.09458189,0.11516167,0.12177641,0.06757497,0.19661457,0.09890111,0.12209086,0.09938234,0.08391618
2024-03-05,0.09457972,0.11188379,0.12299344,0.06810201,0.19902150,0.09897927,0.12361159,0.09744371,0.08338497
2024-03-06,0.09418035,0.11075645,0.12311065,0.06797356,0.20030102,0.09817316,0.12417621,0.09669232,0.08463627
2024-03-07,0.09395001,0.11040721,0.12173394,0.06868651,0.20093401,0.09764418,0.12344303,0.09829590,0.08490521
2024-03-08,0.09352467,0.11103244,0.12140857,0.07027183,0.20190586,0.09759984,0.12239556,0.09703739,0.08482384
2024-03-11,0.09321437,0.11197336,0.12105075,0.07011136,0.20242432,0.09831877,0.12308520,0.09484566,0.08497621
2024-03-12,0.09275853,0.11173539,0.12145041,0.06890047,0.20014104,0.09875428,0.12399765,0.09626443,0.08599779
2024-03-13,0.09250869,0.11008359,0.12210589,0.07158852,0.20183167,0.09749580,0.12340190,0.09664558,0.08433836
2024-03-14,0.09231688,0.11105576,0.11968151,0.07144008,0.20498061,0.09615219,0.12304115,0.09764147,0.08369036
2024-03-15,0.09254230,0.11108241,0.12146092,0.07226405,0.20511243,0.09576341,0.12265435,0.09550888,0.08361124
2024-03-18,0.09228003,0.11147342,0.12261868,0.07216718,0.20642444,0.09463473,0.12266956,0.09527096,0.08246099
2024-03-19,0.09170327,0.11228162,0.12256700,0.07302722,0.20657732,0.09371334,0.12192288,0.09544601,0.08276133
2024-03-20,0.09108945,0.11317058,0.12334233,0.07363945,0.20501313,0.09281790,0.12186285,0.09601985,0.08304446
2024-03-21,0.09129977,0.10879733,0.12534616,0.07281269,0.20639579,0.09302625,0.12254305,0.09624155,0.08353739
2024-03-22,0.09139369,0.10948759,0.12393708,0.07338650,0.20660810,0.09281103,0.12151129,0.09672992,0.08413480
2024-03-25,0.09129643,0.10846326,0.12267181,0.07429328,0.20849780,0.09270630,0.12078373,0.09708076,0.08420662
2024-03-26,0.09226904,0.10888732,0.12455777,0.07366965,0.20913840,0.09402592,0.12194957,0.09734520,0.07815712
2024-03-27,0.09097490,0.10963747,0.12518880,0.07542690,0.20834344,0.09401053,0.12065642,0.09680346,0.07895808
2024-03-28,0.09081037,0.10828361,0.12545091,0.07543212,0.21026389,0.09397714,0.11934729,0.09692392,0.07951076
2024-04-01,0.09097780,0.10756597,0.12482886,0.07494449,0.21201072,0.09390639,0.11922952,0.09742023,0.07911601
2024-04-02,0.09082104,0.10662909,0.12456366,0.07422515,0.21578823,0.09371490,0.11735774,0.09710190,0.07979829
2024-04-03,0.09074164,0.10704697,0.12410429,0.07377107,0.21563576,0.09157308,0.11779031,0.09794054,0.08139634
2024-04-04,0.09099010,0.10681494,0.12349729,0.07536855,0.21698740,0.09077617,0.11825195,0.09691117,0.08040244
2024-04-05,0.09015807,0.10631468,0.12349381,0.07520668,0.21796643,0.08988121,0.11785985,0.09872971,0.08038956
2024-04-08,0.09033418,0.10581255,0.12438051,0.07615198,0.21691670,0.08958402,0.11795197,0.09898671,0.07988139
2024-04-09,0.09009887,0.10630124,0.12322519,0.07656254,0.21748231,0.08976325,0.11766439,0.09898475,0.07991747
2024-04-10,0.09038937,0.10545606,0.12256907,0.07519991,0.22002006,0.08881680,0.11968245,0.09945366,0.07841263
2024-04-11,0.08999095,0.10953429,0.12200385,0.07478657,0.21831529,0.08759522,0.11811313,0.10066599,0.07899473
2024-04-12,0.09134979,0.11214741,0.11583597,0.07489475,0.21902792,0.08815891,0.11999637,0.10060769,0.07798118
2024-04-15,0.09188291,0.11033566,0.11657573,0.07493773,0.21904330,0.08871549,0.12027521,0.09983020,0.07840379
2024-04-16,0.09279273,0.10929242,0.11638468,0.07441342,0.21938243,0.08768782,0.12128377,0.10065400,0.07810874
2024-04-17,0.09284890,0.10846760,0.11599136,0.07698064,0.21940426,0.08793527,0.12097185,0.09959417,0.07780596
2024-04-18,0.09292971,0.10794164,0.11684660,0.07731337,0.21939159,0.08860152,0.12028552,0.09854811,0.07814194
2024-04-19,0.09257400,0.10621526,0.11932134,0.07736636,0.22105962,0.08957657,0.12037104,0.09565664,0.07785917
2024-04-22,0.09164552,0.10568526,0.12041971,0.07779346,0.22008390,0.08940359,0.12038483,0.09610715,0.07847658
2024-04-23,0.09113165,0.10576441,0.12147040,0.07841143,0.21970298,0.08916461,0.11761976,0.09681389,0.07992088
2024-04-24,0.09108243,0.10705001,0.12199872,0.07879525,0.21962065,0.08850272,0.11910802,0.09517173,0.07867047
2024-04-25,0.09106952,0.10758579,0.12216466,0.07918655,0.22009745,0.08747141,0.11976745,0.09358475,0.07907241
2024-04-26,0.09149766,0.10771619,0.12281518,0.07847661,0.21499017,0.08747562,0.12023058,0.09724604,0.07955195
2024-04-29,0.09067153,0.10939172,0.12157417,0.07945329,0.21608329,0.08708915,0.11930346,0.09708695,0.07934644
2024-04-30,0.09184965,0.10878840,0.12217257,0.07994842,0.21638438,0.08688075,0.11906808,0.09510927,0.07979846
2024-05-01,0.09170615,0.10796164,0.12205805,0.08177828,0.21195448,0.09069863,0.11788052,0.09713121,0.07883103
2024-05-02,0.09100596,0.10949777,0.12099983,0.08143778,0.21071686,0.08925598,0.11868997,0.09946975,0.07892610
2024-05-03,0.09036213,0.11522652,0.11942293,0.08237669,0.20879414,0.08824028,0.11806739,0.09956272,0.07794719
2024-05-06,0.09003008,0.11375763,0.11991469,0.08337286,0.20937186,0.08750965,0.11773187,0.10052332,0.07778804
2024-05-07,0.08986232,0.11397681,0.11953541,0.08403506,0.20794358,0.08742889,0.11898457,0.10036792,0.07786544
2024-05-08,0.08958264,0.11383389,0.12158704,0.08482141,0.20726071,0.08729157,0.11798811,0.09965269,0.07798194
2024-05-09,0.08864750,0.11377361,0.12145548,0.08592921,0.20914077,0.08690227,0.11743259,0.09939922,0.07731934
2024-05-10,0.08884396,0.11324011,0.12250738,0.08520744,0.20875484,0.08712973,0.11777076,0.09855761,0.07798816
2024-05-13,0.08843247,0.11470454,0.12191542,0.08572077,0.20769988,0.08748403,0.11708960,0.09762496,0.07932834
2024-05-14,0.08820957,0.11512175,0.12330930,0.08646778,0.20843401,0.08735586,0.11573112,0.09763986,0.07773075
2024-05-15,0.08773780,0.11590506,0.12301498,0.08786409,0.20892254,0.08762909,0.11505445,0.09655696,0.07731502
2024-05-16,0.08713242,0.11517817,0.12238381,0.08653306,0.20623871,0.08794218,0.12224338,0.09467399,0.07767429
2024-05-17,0.08661996,0.11451884,0.12305810,0.08566383,0.20810449,0.08762897,0.12273948,0.09466559,0.07700073
2024-05-20,0.08752306,0.11642584,0.11874916,0.08630671,0.20856938,0.08731314,0.12311754,0.09505183,0.07694334
2024-05-21,0.08721884,0.11681673,0.12072029,0.08723101,0.20640818,0.08699239,0.12454387,0.09452016,0.07554853
2024-05-22,0.08773244,0.11661883,0.12069475,0.08702630,0.20344831,0.08881226,0.12546955,0.09506638,0.07513117
2024-05-23,0.08901605,0.11583337,0.12160226,0.08714262,0.20290349,0.08788088,0.12650536,0.09536172,0.07375425
2024-05-24,0.08860376,0.11720945,0.12336864,0.08822459,0.20180360,0.08587863,0.12696813,0.09476277,0.07318044
2024-05-28,0.08852635,0.11711322,0.12251777,0.08920607,0.20418718,0.08429154,0.12619753,0.09541333,0.07254701
2024-05-29,0.08904019,0.11797896,0.12237030,0.08874015,0.20317308,0.08481603,0.12669580,0.09589865,0.07128684
2024-05-30,0.08867870,0.11811748,0.12262403,0.09012029,0.20298930,0.08496293,0.12612315,0.09409258,0.07229154
2024-05-31,0.08757168,0.11722834,0.12309801,0.09107815,0.20620571,0.08470504,0.12621858,0.09142565,0.07246885
2024-06-03,0.08800757,0.11890264,0.12321620,0.08946498,0.20226603,0.08574770,0.12696253,0.09287014,0.07256222
2024-06-04,0.08841612,0.11965163,0.12215667,0.08923260,0.20004460,0.08618075,0.12906348,0.09382444,0.07142972
2024-06-05,0.08820681,0.12030195,0.12070487,0.08890599,0.20036814,0.08491221,0.12970527,0.09461487,0.07227990
2024-06-06,0.08800019,0.11916842,0.12020847,0.08829480,0.20140086,0.08497447,0.12951719,0.09633026,0.07210534
2024-06-07,0.08824025,0.12097428,0.12239727,0.08702353,0.19978845,0.08559034,0.12741425,0.09622755,0.07234408
2024-06-10,0.08793564,0.11824828,0.12176737,0.08854063,0.19968148,0.08532387,0.12905598,0.09733145,0.07211529
2024-06-11,0.08809660,0.12707108,0.11878173,0.08382793,0.19843712,0.08526508,0.12884809,0.09759823,0.07207414
2024-06-12,0.08837057,0.13110904,0.11741621,0.08353373,0.19685374,0.08474349,0.12843528,0.09772396,0.07181399
2024-06-13,0.08838136,0.13184507,0.11873649,0.08460759,0.19529821,0.08477715,0.12920644,0.09613564,0.07101205
2024-06-14,0.08854155,0.13100512,0.11902539,0.08462193,0.19399863,0.08498335,0.13006164,0.09622081,0.07154158
2024-06-17,0.08832580,0.13325668,0.11947065,0.08354917,0.19219565,0.08501509,0.13051908,0.09619541,0.07147247
2024-06-18,0.08849617,0.13204715,0.12094121,0.08154552,0.19437902,0.08500397,0.13111999,0.09572641,0.07074057
2024-06-20,0.08762991,0.12794166,0.12077254,0.08306287,0.19662921,0.08540282,0.13062394,0.09649528,0.07144177
2024-06-21,0.08783434,0.12690077,0.11961021,0.08365879,0.19535940,0.08616395,0.13073618,0.09826917,0.07146718
2024-06-24,0.08693803,0.12599926,0.11994563,0.08398786,0.19910955,0.08549683,0.13128851,0.09546076,0.07177358
2024-06-25,0.08747007,0.12733679,0.12018816,0.08350636,0.20089012,0.08490673,0.12925458,0.09644348,0.07000371
2024-06-26,0.08661553,0.12861376,0.11862943,0.08313243,0.19899711,0.08386590,0.12964346,0.09922723,0.07127516
2024-06-27,0.08640624,0.12881441,0.11938577,0.08332719,0.19936650,0.08308201,0.12855373,0.10115527,0.06990888
2024-06-28,0.08684854,0.12736930,0.12185856,0.08044764,0.20077071,0.08371348,0.12888820,0.09930918,0.07079440
2024-07-01,0.08636464,0.13034602,0.12309084,0.07897132,0.19937460,0.08340652,0.12773468,0.10077442,0.06993697
2024-07-02,0.08591682,0.13177598,0.12446714,0.07920247,0.19699507,0.08274174,0.12818336,0.10167533,0.06904210
2024-07-03,0.08570757,0.13221893,0.12408077,0.08053440,0.19751355,0.08234805,0.12819054,0.10020550,0.06920067
2024-07-05,0.08531749,0.13446276,0.12187939,0.08045803,0.19423316,0.08241775,0.13097307,0.10096608,0.06929227
2024-07-08,0.08556752,0.13573864,0.12246341,0.08071622,0.19275764,0.08209497,0.13068171,0.10090249,0.06907739
2024-07-09,0.08552065,0.13617641,0.12386387,0.08068320,0.19052254,0.08293548,0.13102252,0.10087252,0.06840281
2024-07-10,0.08480478,0.13757565,0.12292758,0.08087313,0.19059662,0.08357231,0.13087371,0.10025394,0.06852227
2024-07-11,0.08490606,0.13454154,0.12286711,0.08296896,0.19309188,0.08382332,0.12989483,0.09799232,0.06991398
2024-07-12,0.08468561,0.13594354,0.12106533,0.08419369,0.19262457,0.08370621,0.12851813,0.09745728,0.07180566
2024-07-15,0.08440101,0.13775517,0.12366698,0.07835717,0.19526522,0.08306868,0.12877070,0.09624581,0.07246926
2024-07-16,0.08371299,0.13687704,0.12474358,0.07873685,0.19506872,0.08336867,0.12841817,0.09560982,0.07346416
2024-07-17,0.08350282,0.13307966,0.12632347,0.07744682,0.19726189,0.08622671,0.12999918,0.09285485,0.07330460
2024-07-18,0.08420606,0.13144462,0.12334022,0.07894726,0.20088470,0.08630871,0.13070643,0.09155416,0.07260782
2024-07-19,0.08462299,0.13217207,0.12383286,0.07970345,0.19724016,0.08632866,0.13122375,0.09169703,0.07317902
2024-07-22,0.08475029,0.13216436,0.12431473,0.08082116,0.19617538,0.08620700,0.13073385,0.09154412,0.07328910
2024-07-23,0.08567953,0.13423989,0.12570765,0.08082186,0.19512614,0.08608431,0.13267431,0.09450477,0.06516155
2024-07-24,0.08556972,0.13021279,0.12450794,0.08441222,0.19762542,0.08819174,0.13241051,0.09155837,0.06551128
2024-07-25,0.08548865,0.12946439,0.12443769,0.08212916,0.20159257,0.09000250,0.13119829,0.09097590,0.06471085
2024-07-26,0.08502105,0.12903452,0.12587434,0.08259194,0.20031918,0.09007091,0.13003347,0.09181145,0.06524314
2024-07-29,0.08535336,0.12970526,0.12553872,0.08300409,0.19899394,0.08925214,0.13024236,0.09252382,0.06538631
2024-07-30,0.08479258,0.12918370,0.12728093,0.08239220,0.20121117,0.09021471,0.12858752,0.09116836,0.06516883
2024-07-31,0.08446054,0.13060683,0.12537443,0.08440083,0.20113561,0.08792308,0.12706580,0.09344509,0.06558779
2024-08-01,0.08473253,0.12883261,0.12291746,0.08688947,0.19899282,0.08983231,0.12961077,0.09228704,0.06590499
2024-08-02,0.08589293,0.13149407,0.11931621,0.08898952,0.20159725,0.09297714,0.12888191,0.08533272,0.06551825
2024-08-05,0.08792939,0.12812787,0.11954446,0.08820080,0.20265132,0.09350572,0.13026092,0.08377633,0.06600319
2024-08-06,0.08793040,0.12688031,0.12288256,0.08853539,0.20157657,0.09218465,0.13055153,0.08425076,0.06520783
2024-08-07,0.08765307,0.12806092,0.12253167,0.08893264,0.20361626,0.09185344,0.12854521,0.08442070,0.06438608
2024-08-08,0.08648387,0.12845437,0.12310525,0.08772377,0.20473830,0.09138107,0.12825220,0.08484517,0.06501600
2024-08-09,0.08600644,0.12949994,0.12346957,0.08714947,0.20526604,0.09110347,0.12809086,0.08495693,0.06445728
2024-08-12,0.08583628,0.13016524,0.12345877,0.08711179,0.20511850,0.09050433,0.12924843,0.08471774,0.06383891
2024-08-13,0.08561481,0.13206156,0.12418536,0.08749182,0.20262934,0.08942954,0.12784536,0.08623676,0.06450544
2024-08-14,0.08524512,0.13175872,0.12501680,0.08699137,0.20362026,0.08909398,0.12828357,0.08579882,0.06419136
2024-08-15,0.08383667,0.13133508,0.12371735,0.08489603,0.20149484,0.08795920,0.13446963,0.08809677,0.06419444
2024-08-16,0.08351535,0.13160603,0.12465299,0.08583796,0.19977584,0.08778731,0.13483170,0.08749722,0.06449560
2024-08-19,0.08319096,0.13100205,0.12502766,0.08635339,0.19960612,0.08757801,0.13480167,0.08772836,0.06471179
2024-08-20,0.08362199,0.13204223,0.12513299,0.08639610,0.19395402,0.08832407,0.13700735,0.08850948,0.06501177
2024-08-21,0.08349091,0.13177122,0.12498343,0.08698150,0.19241624,0.08888487,0.13807716,0.08897838,0.06441628
2024-08-22,0.08353893,0.13075798,0.12623825,0.08624468,0.19401502,0.08944285,0.13878091,0.08706221,0.06391917
2024-08-23,0.08287247,0.13104933,0.12620234,0.08635887,0.19513456,0.08970214,0.13789231,0.08681386,0.06397413
