Date,Open,High,Low,Close,Volume
2021-08-25,286.2179481107,288.3459330439,285.2996414090,285.9795532227,2586900
2021-08-26,285.3879507116,286.9596539922,283.4365725082,283.8604125977,2952300
2021-08-27,283.3306055845,286.1296368858,282.2445305648,285.5380554199,2985400
2021-08-30,287.7720359916,290.9419311889,287.1539391680,288.8227844238,2926900
2021-08-31,288.7344565526,289.8558314385,285.7499798768,288.0104064941,4183100
2021-09-01,288.9244455693,289.1196898597,284.2386096823,287.2205200195,3339100
2021-09-02,288.4540970437,291.2496194525,287.2737749897,290.8591308594,3109000
2021-09-03,288.7203356940,293.6635455143,288.5694811005,293.1665649414,2774800
2021-09-07,293.7789687075,295.1367956874,290.1137160726,291.9330444336,2555200
2021-09-08,291.9330983623,294.5777400982,290.7616321404,294.2671203613,2219500
2021-09-09,295.0391686302,296.1751282086,293.6369520217,294.4356689453,3011900
2021-09-10,296.4147603026,297.5063573435,294.1517243133,294.5954589844,3178600
2021-09-13,297.2577730375,299.2101887231,295.3053302685,297.7015075684,3908700
2021-09-14,298.2162973676,299.5119949170,295.0125463067,295.6337585449,2857200
2021-09-15,295.8467684953,297.0093782565,292.9536368410,295.8556518555,2875500
2021-09-16,297.0536811734,299.8225806459,296.5655839641,298.5357666016,3043800
2021-09-17,297.2578106622,301.4288995299,297.2578106622,297.8967895508,7098400
2021-09-20,294.4889473759,297.6483632310,291.4715569526,293.9387207031,4036600
2021-09-21,295.5539251452,299.0505566526,294.6398327715,296.6100158691,3171100
2021-09-22,298.0565778474,300.8521008009,295.9355131632,298.1275634766,2872800
2021-09-23,299.8226421100,301.3135841188,297.8347194317,298.1098327637,2426600
2021-09-24,298.8818978138,299.8226130675,297.7903008684,299.5119934082,2004900
2021-09-27,298.9618175511,305.0587280999,298.9618175511,302.9909362793,2966100
2021-09-28,302.9553615924,302.9553615924,295.0480076367,296.2372131348,3304100
2021-09-29,295.8467126602,300.7455598641,295.8467126602,299.0149841309,2424000
2021-09-30,300.1776363648,300.5947480594,290.7615991822,291.3207092285,4255000
2021-10-01,291.2231267948,295.2877524918,288.0548540080,292.7406921387,2814200
2021-10-04,291.5336476699,293.4061947812,287.6820343875,289.7320861816,2919900
2021-10-05,290.1137560488,294.8084769945,289.6078919653,292.4034423828,2514300
2021-10-06,291.2319100870,293.4416998357,288.7824863091,293.1843261719,2226800
2021-10-07,295.9710058150,301.0473311959,295.4030124739,299.5031433105,2789500
2021-10-08,295.5272556551,297.6660597644,293.6458252077,296.7164611816,2912200
2021-10-11,297.8346780838,302.5027478024,296.9472088565,299.0505065918,2589100
2021-10-12,300.9763726720,302.6714153214,299.4321575642,299.7871398926,2960300
2021-10-13,299.3610804683,301.9524750490,298.6777119344,300.2130432129,2477400
2021-10-14,302.2098586786,305.6177368531,301.8282534566,305.3337402344,2824300
2021-10-15,307.5435566973,311.4572987699,306.8424485085,310.9780578613,3473500
2021-10-18,309.7268466654,315.8947703479,309.7268466654,315.0605468750,3487500
2021-10-19,316.7732463339,317.7938304583,314.5368337852,317.7050781250,2375600
2021-10-20,317.4832734615,319.1073575227,316.1254464528,317.9181518555,2574800
2021-10-21,317.8915425610,323.7932085179,317.8205298440,323.5890808105,2885400
2021-10-22,323.9263151268,325.7278768372,321.3970220441,324.8049011230,2734700
2021-10-25,325.8787492407,329.8368548744,324.8048918499,329.4818725586,2923400
2021-10-26,331.3721851721,331.9578910948,327.5471674541,327.6536865234,2989500
2021-10-27,328.2482965986,332.9341338609,327.7513159104,330.4226074219,2840300
2021-10-28,331.0260631791,331.8602865238,329.1535158754,329.7569885254,2553500
2021-10-29,328.6565019207,332.9341105504,328.3902719576,329.9078369141,3820200
2021-11-01,331.0260359534,331.5318999347,323.6600518849,325.2397460938,3380500
2021-11-02,324.9912798433,327.3785745103,323.8730598195,325.9586181641,2367100
2021-11-03,325.3728491709,327.7956228432,324.1481372963,327.4495239258,2378800
2021-11-04,329.0557969483,331.2301071106,327.8399685957,330.2982482910,3210000
2021-11-05,331.7448764178,332.2773633817,326.2070769939,326.9436645508,3090200
2021-11-08,328.5589146264,330.9462094230,326.4556165312,327.1123352051,2357200
2021-11-09,328.0707577049,331.8069955290,327.2187677556,328.9404602051,2183300
2021-11-10,326.8105711187,329.4374726746,326.3402134710,327.1034240723,2161400
2021-11-11,329.2510818910,330.1385511144,324.6628540892,326.2603149414,2387300
2021-11-12,327.5825460101,331.4696644811,325.4348862422,330.6975708008,2793300
2021-11-15,332.2596614895,332.6856294422,327.7335624076,329.3221130371,3650600
2021-11-16,339.0133004622,350.0001756325,336.3508923434,348.1808471680,8648200
2021-11-17,348.6245918452,354.4818952911,346.8319134105,350.4172973633,4647000
2021-11-18,353.2127735745,360.7917688119,351.5177039990,360.1794128418,4503700
2021-11-19,361.7591138136,363.9511640601,358.6352045552,362.6998291016,3542000
2021-11-22,363.6849303670,369.6842318656,362.7087357445,362.7886047363,4006400
2021-11-23,360.0196210358,363.5783539011,357.6589498531,362.4157714844,3557000
2021-11-24,358.2358855014,366.3029787426,357.5436604831,365.7349853516,2676300
2021-11-26,361.4307691235,367.5365624662,356.9845390997,357.3839111328,3007800
2021-11-29,361.1112077864,364.5812155673,360.3479972835,361.0402221680,3725500
2021-11-30,358.1737209200,362.4690689547,355.2095767959,355.5290527344,7773500
2021-12-01,358.3094376438,365.5900609391,356.6519308600,356.8301696777,3516200
2021-12-02,358.0688502610,365.9910954598,357.3470292603,363.3800354004,3705000
2021-12-03,365.2335511991,370.6516677148,360.4214030525,363.4156188965,5237500
2021-12-06,368.5040721650,374.8222492582,366.4544617709,370.4467773438,4624500
2021-12-07,371.6052222178,372.9953978519,368.0584767334,370.8744812012,4204500
2021-12-08,370.8744207103,374.1449145542,363.8344242868,366.4811096191,4079400
2021-12-09,366.0801478364,370.0457300541,363.8434058659,366.5613708496,3822900
2021-12-10,367.3188318390,370.3665140245,365.5989389475,370.1793823242,2625200
2021-12-13,370.1793781757,371.1596371583,360.4748822365,361.1253967285,3766400
2021-12-14,359.5303064100,361.5175304451,354.7448635956,358.4163818359,4662800
2021-12-15,357.0083233354,363.5225512916,355.9122390904,363.4156188965,4421400
2021-12-16,363.9413908503,364.3602275313,354.7804772617,356.0369873047,4632800
2021-12-17,353.7557218310,354.6557816153,345.2453487177,345.7443847656,11097500
2021-12-20,342.4561154150,347.6960216993,339.4351384916,347.0098266602,4294800
2021-12-21,348.9970431810,350.8951750830,341.5203680845,347.9633178711,3038200
2021-12-22,348.4356248359,352.6863514406,346.5285728124,352.5705261230,3267800
2021-12-23,354.9319483250,356.3132036300,351.6614544930,353.8447570801,2743900
2021-12-27,355.6004323913,360.4215019589,354.8607711299,360.1006774902,2228300
2021-12-28,360.9026372223,362.7116496193,359.1292780259,361.9987487793,2521400
2021-12-29,362.1413087586,367.4792261681,362.0789224608,366.1157836914,2209300
2021-12-30,367.0159230129,368.4328319965,363.9414799006,365.3138427734,1804400
2021-12-31,365.3583703163,371.1864317831,365.2692780994,369.8319091797,2386100
2022-01-03,371.2220656583,372.3538032696,359.3609986090,364.1553344727,3715700
2022-01-04,364.1553314722,368.5842695691,363.7543077385,367.8981018066,3266500
2022-01-05,368.9318588116,369.1279106457,362.5245617933,362.9077453613,4443200
2022-01-06,364.0840475646,364.5385375315,359.1471258233,361.5888671875,3315100
2022-01-07,359.4501489923,360.1006908589,350.1110209733,350.7615356445,4520700
2022-01-10,345.2275091362,345.3968278523,339.4440212730,345.2809753418,6440000
2022-01-11,345.8245553483,349.1841418912,342.4827818072,344.5769653320,4385400
2022-01-12,346.0206745531,350.6189591048,344.3185943012,347.0098266602,3623300
2022-01-13,349.7812422781,351.3852828137,343.8551416874,344.8532409668,3466300
2022-01-14,339.8182886922,340.4242843547,331.0583974367,331.5039672852,6336200
2022-01-18,326.2461734034,328.0195322897,320.8369501610,326.7986755371,6435200
2022-01-19,327.2085610042,328.5631103082,320.2844176007,320.5339355469,5175100
2022-01-20,321.9954253146,322.4588352622,311.0255001857,311.5245361328,5440600
2022-01-21,313.4316443663,320.8904790183,309.3858626685,311.0968627930,7718400
2022-01-24,306.3560085759,324.7134920505,306.2045028591,324.2055358887,8584300
2022-01-25,319.1528130377,322.1648426421,313.8505204822,319.9013671875,5536700
2022-01-26,320.8102225687,326.0679402217,315.8644091823,318.3863220215,6103300
2022-01-27,321.1935266523,324.4818348442,315.3833046742,317.6289672852,3941000
2022-01-28,320.9618109278,326.7987653249,314.4297414285,326.6383666992,4551300
2022-01-31,325.0966714301,327.4136400867,322.7797027735,327.0304565430,4084600
2022-02-01,329.2494002301,330.3365917987,322.9223026484,328.5632324219,3406800
2022-02-02,328.2779611573,333.8832360186,327.7254590391,333.0455627441,3839300
2022-02-03,329.8909538061,331.6108466191,323.6618970236,325.0966186523,4009700
2022-02-04,323.9292885163,324.9719339556,315.6862460988,320.5162353516,3728100
2022-02-07,321.0419806445,322.4143161317,316.7466809827,318.4487609863,2809300
2022-02-08,318.4487782557,323.4658991341,316.1763556962,322.0935363770,3225100
2022-02-09,325.5422022008,327.4581468846,323.4836719187,324.7045288086,2777500
2022-02-10,319.7764960371,323.4836396335,314.4563921156,316.4347229004,4291800
2022-02-11,316.0783580685,318.4398729517,310.6156670849,312.1573486328,3308700
2022-02-14,310.1166074272,314.4921065024,309.0739620397,313.2890625000,3654300
2022-02-15,316.8536265255,318.5111604933,313.1286691420,314.8040161133,3552500
2022-02-16,313.2356363446,314.4475734058,308.0848494435,311.9791259766,3594900
2022-02-17,310.9987960406,313.9573859989,309.5729944564,310.0631103516,3927000
2022-02-18,310.4641688711,312.4335799663,306.6411719959,309.1096191406,5526100
2022-02-22,298.6120280101,300.0378571086,278.3475179530,281.7516784668,19752800
2022-02-23,284.5587235757,285.5211424453,273.6689958114,274.8720397949,11026000
2022-02-24,267.3419718619,279.3188943770,266.7092701433,279.1406555176,8416700
2022-02-25,279.0870962750,282.8833597126,274.0878161213,282.1793518066,6510600
2022-02-28,278.8999924330,281.6714238406,276.6810632870,281.4486389160,5735100
2022-03-01,280.3436578301,287.3301903846,279.6040237847,285.3875122070,5640900
2022-03-02,286.1093021779,295.1365514464,284.8795250739,291.7323913574,5645600
2022-03-03,293.3542996136,294.6820891528,287.6866366014,289.0500793457,3858400
2022-03-04,287.1341456387,291.0997286034,284.7280845103,288.9609985352,3630900
2022-03-07,288.9609341670,293.7196163473,285.2626830864,287.6331176758,4670000
2022-03-08,284.9419217442,292.7304740926,281.5556017306,282.2595825195,5092500
2022-03-09,286.8856350917,289.0910607508,284.1243728922,284.3753967285,4443600
2022-03-10,281.8292397387,285.3256800199,276.7997894898,285.0387878418,3895200
2022-03-11,286.2400710095,288.4903384121,283.5057039155,284.0077514648,2973300
2022-03-14,289.4944849837,290.4716858288,283.4878064626,285.4153137207,3604200
2022-03-15,287.1993597717,296.0121139353,287.1814119132,294.5418395996,3775300
2022-03-16,297.2672774142,299.3920469913,290.6778953044,296.6666259766,3942400
2022-03-17,295.0797822384,301.5526123047,293.9142930760,301.5526123047,3123200
2022-03-18,299.1051138204,305.4793395996,297.9217042494,305.4793395996,9409600
2022-03-21,303.0587993992,305.4345654280,293.2329473803,295.2859802246,4521200
2022-03-22,295.2411891411,297.0162765184,290.4806827684,295.6087646484,4852800
2022-03-23,293.0715155577,294.2280305972,283.1650098072,284.2408142090,5207700
2022-03-24,284.3305195188,286.3476838928,281.7754391731,283.1022949219,4599900
2022-03-25,285.5228816844,285.8097464695,276.3963134305,278.5300292969,5176500
2022-03-28,278.8169009393,281.8202395886,277.2300750503,281.7574768066,3936600
2022-03-29,284.1153165953,287.7820692726,280.5382211248,284.8325195312,5306100
2022-03-30,280.7085960440,282.6181827969,274.4240266433,276.5397949219,7223800
2022-03-31,274.5226600242,276.0915659007,267.9601716654,268.3546142578,11044600
2022-04-01,269.4035466056,271.9765478146,267.9691129321,270.6497192383,5554600
2022-04-04,270.2910410505,274.7646817934,268.5697428436,273.9577941895,4659500
2022-04-05,274.5674326473,277.1135388262,270.9365206959,273.3122863770,4376100
2022-04-06,267.2428575123,269.5469137020,264.4636482145,267.6463012695,6499900
2022-04-07,266.0774778618,273.0703045054,263.2086104719,271.4207153320,5241000
2022-04-08,270.2641395284,279.9734387151,270.1027729557,278.9155273438,5741900
2022-04-11,275.9570898508,281.6589562118,274.2716323267,274.9798889160,4100600
2022-04-12,277.4183850830,280.8699830256,273.5275023082,274.5943603516,4122600
2022-04-13,274.4330112535,279.4445691129,274.0833835886,278.2970275879,3185300
2022-04-14,278.6645618777,279.9376289458,272.8371973040,273.0075378418,4569200
2022-04-18,271.6448465790,274.5943972933,267.8077521508,269.1435546875,3192400
2022-04-19,269.5021560625,276.2439862613,268.7849528905,275.9481201172,3389700
2022-04-20,278.8169986408,283.3892442833,277.6963515401,282.5285949707,4720800
2022-04-21,284.1960223507,285.4511412677,277.6872971216,278.2431335449,3014200
2022-04-22,277.7590369592,277.7590369592,268.7579942939,269.0538330078,4043200
2022-04-25,268.9552948608,273.5813292156,265.6112741786,273.3840942383,4396900
2022-04-26,270.9723437238,275.7328482188,268.7041561346,268.9193115234,3415200
2022-04-27,270.1207682683,274.7109618098,268.1663662761,270.3897399902,3446200
2022-04-28,273.2137247214,281.9906392402,271.6537929317,279.4983215332,4149500
2022-04-29,276.2618844775,279.4624587774,268.6952739773,269.3138732910,4878200
2022-05-02,270.7393124697,276.8356479169,268.8745680982,275.2039794922,4233900
2022-05-03,274.0564757742,277.0239469329,271.6627616703,273.4020080566,3336600
2022-05-04,272.6130076312,283.0753780604,271.5820180603,282.6809082031,4021300
2022-05-05,278.8169870616,279.1397202806,263.3161893486,268.1573791504,4959600
2022-05-06,265.6381874707,266.0416313855,259.4611946539,263.8541259766,4325300
2022-05-09,260.2410793489,269.6186440371,258.6452794126,266.2925720215,5243600
2022-05-10,267.5745958702,269.9145206890,257.8922181585,261.0300292969,4392900
2022-05-11,261.2900411885,262.9754711379,253.3289612626,253.6785888672,3880500
2022-05-12,252.4324404403,262.8409955404,251.5897117969,259.7121582031,4447700
2022-05-13,259.9452132317,268.4352335213,258.6004372240,265.3960266113,3949100
2022-05-16,263.6479079536,268.5698086335,259.8018667956,265.3602600098,4267900
2022-05-17,274.7825757768,278.7631151155,260.7968992376,269.8069152832,12425900
2022-05-18,262.6796428444,264.8671478609,252.0827988091,255.6688690186,7799500
2022-05-19,255.9557040699,262.2313255357,255.4715770390,257.9818420410,5211500
2022-05-20,259.8287318456,260.4383572343,250.6573471442,257.4708862305,5621800
2022-05-23,259.1742496582,260.2948965715,251.3118007637,256.4309082031,4305600
2022-05-24,254.6109147822,259.3803934141,251.6075763366,258.1252746582,4241900
2022-05-25,256.2336886179,264.9119722689,256.0992164521,263.1906738281,4612900
2022-05-26,266.5525845614,274.0026426550,266.2656924006,271.4744567871,4170800
2022-05-27,272.1289439114,276.5756632844,270.3896976813,276.5397949219,3899300
2022-05-31,274.8723137157,276.0108812683,269.6993894262,271.4207153320,5966600
2022-06-01,272.2236498549,273.3423712240,267.9743918639,268.1187438965,3080800
2022-06-02,269.5802011468,276.0939369564,266.9458529433,275.9495849609,4086400
2022-06-03,273.6580938442,278.2862790544,272.3679837754,275.2369079590,2956600
2022-06-06,275.6699543624,277.5194112476,273.5859220066,274.1633300781,2562000
2022-06-07,266.1970253992,272.8009845659,263.9776720023,272.2506408691,3547800
2022-06-08,270.4553185322,271.1770509835,266.7563777716,268.4254150391,3003100
2022-06-09,268.6329416611,276.8608132218,268.2630448105,270.5274963379,4168400
2022-06-10,262.9853150241,267.4962123658,260.4050949601,260.9463806152,4623900
2022-06-13,256.5436733889,258.7630541246,253.7649734665,255.4610748291,4704600
2022-06-14,255.5062604300,258.3661816929,249.5338362660,251.4103851318,3987000
2022-06-15,253.5124266967,255.8490681798,248.5233754149,252.3666687012,4050400
2022-06-16,248.0271933115,249.1007615567,243.3448796350,246.7099914551,6181000
2022-06-17,244.4906488702,249.5608933457,243.9403325809,244.2470703125,10775600
2022-06-21,246.9175223496,247.1250335570,241.2608665032,242.8667449951,5498400
2022-06-22,240.3316170000,245.1853197197,238.6355150869,242.6682586670,4678400
2022-06-23,243.5884767616,248.6316571063,243.4892502274,248.4783020020,3747500
2022-06-24,250.3277214361,255.7317672796,247.1249955506,255.3167724609,10310700
2022-06-27,256.6339724345,257.1211570727,253.9544982227,255.0371246338,2538600
2022-06-28,256.0204803105,257.6624534986,243.4260630407,243.7237701416,4052100
2022-06-29,245.0139113887,249.1459091680,242.5148839334,247.0799102783,2460500
2022-06-30,244.2470396010,249.9397894294,241.8201748052,247.4407348633,4058000
2022-07-01,248.7579183918,253.2868487499,247.6933258501,251.7801971436,2818300
2022-07-05,248.5504999857,255.9754486084,248.1264744380,255.9754486084,3241300
2022-07-06,257.1121338061,257.9511816882,253.0793902314,255.8400573730,2206100
2022-07-07,255.1724469184,258.8984526650,253.9184317280,258.6458435059,3133900
2022-07-08,258.0143315814,259.8186907575,256.1378101524,258.4473876953,1891000
2022-07-11,257.2834957709,261.2621099363,257.2474284208,258.3751525879,2453200
2022-07-12,260.7027970272,264.9159871771,255.6866814828,257.2294006348,2696100
2022-07-13,254.0807457811,261.4425317417,252.3936749941,259.0878295898,2941600
2022-07-14,254.2792993126,261.8936965470,254.0988523984,261.1629333496,2822200
2022-07-15,265.9715301762,266.5489382587,262.4891306005,263.8063049316,2647200
2022-07-18,268.1728315544,269.2915252205,263.4363896178,264.3836669922,2664000
2022-07-19,266.5398741454,270.6628404566,264.6182276903,270.5004272461,2614900
2022-07-20,271.4928394316,273.9828633786,269.1020695351,272.7288208008,2533400
2022-07-21,273.2249929592,275.3902176654,269.6343096117,275.1646728516,1965000
2022-07-22,277.5645207058,280.2800895414,274.5873121321,276.5991821289,2391500
2022-07-25,276.7886205585,277.3569979685,274.1091467200,276.2022094727,1910500
2022-07-26,267.9473061569,271.2312526869,266.9639338254,269.0118713379,2690200
2022-07-27,269.0388736514,270.9334556337,263.2468981291,269.6704101562,3233700
2022-07-28,266.1429725544,271.7725642483,264.4919960593,270.3200683594,3992100
2022-07-29,270.6538411849,271.9529818252,268.3352333376,271.5018920898,3236000
2022-08-01,271.2312578182,278.2772775034,270.6628803286,275.9045410156,3303900
2022-08-02,275.5255963483,275.7150463222,270.6628634680,271.2943725586,3091000
2022-08-03,273.6761541665,277.9344424664,270.9605850876,276.4007263184,3329400
2022-08-04,274.7497609962,279.6485892225,274.6595375370,277.1224975586,2718400
2022-08-05,275.5075441241,279.4771278991,274.7136218627,279.3959350586,2029100
2022-08-08,281.3537183388,284.9083081843,280.0726387181,281.4529724121,2505100
2022-08-09,278.6741974845,279.6395084812,273.6400212058,275.3541564941,2607000
2022-08-10,279.2244923605,282.3640862250,278.8185006640,281.1010131836,3863400
2022-08-11,283.1399550604,283.8436538302,279.2966623391,280.2980957031,2444100
2022-08-12,282.0303454341,284.1234086685,279.8380556613,284.0873413086,2273800
2022-08-15,281.5161361000,284.8722453849,279.8110034041,283.8347167969,3917300
2022-08-16,282.3641504622,300.4077405031,282.2739270055,295.3555297852,10089800
2022-08-17,295.9960479056,297.2681242145,292.3692964839,293.8939819336,3162600
2022-08-18,293.1722212547,295.8607258805,290.7002584151,293.3977661133,2899600
2022-08-19,293.1812551294,294.3992028858,288.4899110059,289.8883056641,3489100
2022-08-22,286.9742219825,288.4628123820,281.2183134077,281.6694030762,3144200
2022-08-23,280.7672670722,281.0469405072,275.7421483144,276.8788757324,3317500
2022-08-24,275.2097622343,279.6575267488,273.8564933935,277.9704284668,2495600
2022-08-25,278.4486721020,279.6395280234,275.9135225775,279.4771423340,2529700
2022-08-26,279.9462699427,281.0379268912,268.8675074921,268.9396972656,3315500
2022-08-29,267.5593766585,270.3922059266,265.5024085326,267.3338317871,2711800
2022-08-30,269.3546945817,270.5636117417,263.1386924836,264.4288024902,2892400
2022-08-31,265.1643726972,265.5820753154,261.7772763982,261.9044189453,4376200
2022-09-01,261.8861733035,266.5899475348,260.3606293980,266.3992614746,3742500
2022-09-02,268.8873721708,269.5139398397,263.4480664631,265.0644226074,2753600
2022-09-06,266.2630623037,267.4253854512,260.8509977463,262.9213867188,4110000
2022-09-07,263.7387028536,270.3312711714,263.6115603063,270.1224060059,3016000
2022-09-08,268.7875277434,272.5923263835,267.4617591834,272.3289794922,2703200
2022-09-09,271.9476487981,274.6809089471,270.9033506013,272.2109680176,2769200
2022-09-12,273.1462196806,274.9895924034,269.1053429337,270.1859436035,3632900
2022-09-13,265.1643533240,267.0440288248,251.8248619798,252.3787689209,4797200
2022-09-14,253.7136623439,253.8408048994,248.0564282867,250.9349822998,4194400
2022-09-15,252.3424415513,252.4514050234,245.6681517683,246.5762176514,3896100
2022-09-16,244.3151695110,251.1347546891,244.1789651404,250.5989990234,9535100
2022-09-19,248.4286220097,255.3753473434,248.3650784667,254.6398162842,3047200
2022-09-20,251.4253595590,253.1506796983,246.4219062144,248.9645080566,2940700
2022-09-21,250.6261487215,254.3764647287,246.5489423438,246.6034240723,3173500
2022-09-22,246.2856614476,246.2856614476,243.2254834638,244.3968963623,3515800
2022-09-23,243.2617822174,246.3582624858,241.8361121331,246.0313720703,3527900
2022-09-26,246.4763143775,248.4104991297,241.1913643218,242.0721893311,4181800
2022-09-27,244.5966394212,248.5285806389,242.4354656638,243.9882507324,3701000
2022-09-28,249.9178808360,257.4366648599,247.6386267167,256.2471008301,5816600
2022-09-29,252.9054468027,253.1324632814,249.4729587532,252.7419738770,4518600
2022-09-30,252.2789154257,255.8839387350,249.5002355433,250.5717468262,4789100
2022-10-03,255.1665275429,259.7613389536,253.8498208534,257.6183166504,3580000
2022-10-04,261.0689615487,264.5286906134,260.2153773357,262.9395751953,3641300
2022-10-05,259.9338685359,265.2551215036,259.1347660957,263.2029113770,2728000
2022-10-06,262.9395271824,266.0360348429,261.3140816636,263.6932373047,2641500
2022-10-07,261.0961578671,262.0950357876,256.4559549397,258.1812744141,2406000
2022-10-10,257.4911264203,258.6716008314,254.4581900869,256.4922485352,2115400
2022-10-11,255.2573058982,259.8884470927,255.0756816506,256.8827514648,2771900
2022-10-12,258.2721157805,258.4718913872,254.7033957281,254.7306365967,2258200
2022-10-13,249.4094240137,258.6444402011,244.0245990011,256.8283081055,3881600
2022-10-14,260.2880200290,260.2880200290,250.5807934473,251.0166473389,2783100
2022-10-17,253.8952560587,257.7726878552,253.6591500337,255.4026489258,3426700
2022-10-18,261.4775953207,263.2119768585,257.1915230277,258.8532714844,3166500
2022-10-19,256.5013651121,256.7737737859,247.9201316326,250.1630554199,4323000
2022-10-20,249.6636658316,252.4423455477,243.2436326231,244.6874542236,3959500
2022-10-21,243.6704056730,250.3628470702,243.3616665856,250.1994018555,3429100
2022-10-24,251.5070078563,258.3175019553,251.5070078563,257.2187500000,2937100
2022-10-25,259.2618526243,265.2732432577,259.2618526243,263.5751647949,2791600
2022-10-26,263.8839520128,265.0371857117,259.8612267887,263.4753112793,2615000
2022-10-27,265.0190461008,267.2165501235,262.8396934203,264.3016662598,3041500
2022-10-28,263.3390543362,271.6569395159,263.3390543362,271.1938171387,3243100
2022-10-31,267.3437040452,271.7659808603,265.6546869403,268.9055786133,4210900
2022-11-01,272.7557726356,274.4266107052,266.3811594637,268.8420104980,3309100
2022-11-02,268.0610701683,272.5741588907,261.9951687729,262.1858825684,4426400
2022-11-03,257.5002167083,259.6614176719,254.7215376727,255.6205139160,4823900
2022-11-04,259.6070472495,262.2858257888,251.9883588810,257.9180297852,4401600
2022-11-07,260.1608608235,264.8828142338,256.8373365535,263.5842590332,3260200
2022-11-08,265.5457137124,266.3720570355,261.1870083257,264.3743286133,3371800
2022-11-09,262.4310573056,265.6092881034,259.9429654917,260.3879089355,3071400
2022-11-10,270.3675387134,285.8046593854,269.7682118796,283.0441589355,7794000
2022-11-11,283.3165814499,288.4743894869,281.7183764816,285.9862976074,4945400
2022-11-14,285.4595984473,286.9306885628,278.1769195121,278.7036132812,6394800
2022-11-15,276.1064569984,287.5208496005,275.3709259918,283.2529296875,9290400
2022-11-16,277.7410617551,287.3211749684,276.5151947880,285.9590759277,5249500
2022-11-17,283.3165896901,284.8421339068,278.0043980910,282.8080749512,3642100
2022-11-18,285.2598247082,286.9488139188,281.7365247110,284.3880615234,3559300
2022-11-21,287.8205496975,289.5277179629,285.3143067465,287.6571044922,4069000
2022-11-22,290.5811453072,296.7741626174,290.0181487721,295.0125122070,6054700
2022-11-23,296.7196163870,297.6821640047,290.9806333635,291.9522705078,4243400
2022-11-25,293.2054616094,298.8263649912,292.3064573714,296.3746032715,3393500
2022-11-28,295.1759133137,298.5720710738,288.6287656218,289.6004028320,4733700
2022-11-29,286.9488670218,290.5811311614,286.6037974947,286.9125366211,3505600
2022-11-30,285.8801651093,296.1668539096,284.5737817270,295.9841308594,15106500
2022-12-01,298.1035984556,301.1731728755,296.3952466500,298.7979125977,3830100
2022-12-02,293.3256673095,300.0860298052,292.6404976954,299.6383666992,3644100
2022-12-05,297.0439246837,297.3819373049,291.9188682558,292.4121704102,5057300
2022-12-06,292.0101578882,293.8463934365,287.3509990868,290.0094604492,3341500
2022-12-07,288.6482576066,294.9701017405,287.2596571754,292.4760742188,4038200
2022-12-08,291.0143729583,296.4683243894,291.0143729583,296.0755004883,3483600
2022-12-09,293.6910862564,296.3952142770,292.2750524572,292.7775268555,3738800
2022-12-12,295.0797057926,299.9581099670,293.5175269212,299.6292419434,4900200
2022-12-13,314.5842217897,317.2335387839,301.4380871026,304.1148376465,5787700
2022-12-14,301.9588371758,309.7514990280,300.5702366954,304.6081542969,4546000
2022-12-15,300.9630813533,301.4929336622,295.4177678073,299.2821350098,5056900
2022-12-16,295.4725063060,299.5926680693,291.6446902382,295.3902893066,9615000
2022-12-19,291.8822778099,294.0839596829,288.7030805220,289.8998413086,3000600
2022-12-20,286.2364606733,289.4978746819,283.9616786282,287.6250610352,2632200
2022-12-21,290.5576032356,291.9644927465,287.5337233605,291.7543640137,2610400
2022-12-22,289.0501986019,289.0501986019,283.8703322369,288.7944030762,3064400
2022-12-23,286.9947148344,291.5168455662,285.9989383129,291.1788330078,2064900
2022-12-27,290.8864437734,293.7550057118,290.0642459123,291.9278869629,1610200
2022-12-28,292.8414763164,293.6454131090,288.2280121548,288.4381408691,1568200
2022-12-29,291.1057492939,294.0108620143,290.1373783870,292.7136230469,1559100
2022-12-30,290.0459911829,290.6672328195,285.9623791808,288.5568847656,2581600
2023-01-03,289.9820532729,291.6264491332,284.8295645858,288.6025695801,2822400
2023-01-04,293.3165736875,294.6321016801,289.0319771344,292.0924072266,3560900
2023-01-05,290.3566096411,290.5849995208,286.1542581576,288.2006225586,2935100
2023-01-06,288.9497147797,291.2884246485,282.2898588472,290.0825195312,4022500
2023-01-09,292.3391074206,294.6686735310,289.6532396408,290.3384094238,3466300
2023-01-10,288.9588832329,293.0059733501,286.8211571670,292.9146118164,2111300
2023-01-11,294.6686258589,300.5976463802,294.2758019380,300.5610961914,2864800
2023-01-12,303.4936220805,303.4936220805,298.4690443605,301.3558959961,2481800
2023-01-13,298.2679852957,303.6580078011,297.8203501326,302.5799865723,2798600
2023-01-17,301.7761258556,306.1886342698,298.8253462350,299.2181701660,3988900
2023-01-18,301.4746102313,305.6038887953,295.0157384058,295.7100524902,2952200
2023-01-19,292.6496504221,293.5632099331,283.7789953761,284.0073852539,5359300
2023-01-20,283.2125872867,287.9904855912,280.8190658763,287.7712402344,3725100
2023-01-23,286.4374094089,290.0825023322,284.1991778261,288.2097167969,3237900
2023-01-24,287.8808442947,290.6032614439,285.6060902262,290.2286987305,2127900
2023-01-25,288.0727462234,290.6215854006,284.6194919328,289.8359375000,2060400
2023-01-26,286.9947194420,291.6630231161,285.5147574710,286.6841125488,3555300
2023-01-27,285.0488199748,290.7311610767,284.4184617009,289.3151550293,2761200
2023-01-30,288.5294297626,290.6397774556,286.5744273017,287.0768737793,2643100
2023-01-31,288.6756225755,296.3129935693,287.8625692162,296.1485595703,3526800
2023-02-01,294.5224938356,301.9771156631,290.1830857208,299.7297668457,3076500
2023-02-02,304.6264320056,311.9531692931,303.9321178514,310.4183959961,4776600
2023-02-03,303.7859052495,305.7774580444,301.7760634237,302.8449401855,3389700
2023-02-06,300.5519132105,302.3973211344,299.1541683734,300.8077087402,2229700
2023-02-07,295.9933473184,298.7340264602,292.9968725718,297.0896301270,3865500
2023-02-08,295.0249385738,295.9841649991,291.9462471918,293.0607910156,2777200
2023-02-09,295.1710724156,295.8927922083,287.6159177024,288.2736816406,3063300
2023-02-10,286.7206840835,289.7811142985,285.7157629544,289.1781616211,2768800
2023-02-13,289.9089084080,295.7100156088,288.3284407633,295.5638427734,2432500
2023-02-14,292.8963077243,295.0431781971,288.3833492924,290.9047546387,3380800
2023-02-15,288.5751419559,293.7367468866,288.4929249571,292.9693603516,2585500
2023-02-16,287.7712002365,295.7557001724,287.7072443898,293.4718017578,3169200
2023-02-17,291.1331281354,292.8871746025,285.8984501627,290.4662475586,4985500
2023-02-21,279.1381105083,281.3854870839,269.5274740391,269.9568481445,10891800
2023-02-22,271.8295712486,274.4332209510,269.5822230720,270.6876220703,5922100
2023-02-23,271.1353702875,273.9582661976,269.1529336242,273.4375305176,4354500
2023-02-24,267.1247985611,272.5421998335,266.7593803284,271.0165710449,3713300
2023-02-27,273.4831929335,274.5155197591,269.5366365857,270.4227905273,3238300
2023-02-28,269.5000927753,272.8802745823,268.8697343958,270.9069824219,3949500
2023-03-01,266.6862878244,268.3306836882,263.7080750857,265.6539611816,5905100
2023-03-02,263.5253936115,268.6869997600,262.4382554604,267.6912231445,4103700
2023-03-03,269.1711657288,272.7979699269,268.3672289640,272.6518249512,4036700
2023-03-06,272.2407469700,274.1683442458,271.3089262620,272.4325866699,3763200
2023-03-07,273.2090591531,273.2090591531,265.3159208037,265.5717163086,4512400
2023-03-08,266.3354542405,269.1143726311,265.2588371346,268.2218017578,4680300
2023-03-09,269.6573412308,270.8719792799,264.7804237207,265.0104675293,3248000
2023-03-10,265.5257469323,269.7585583644,261.4217735041,263.4553527832,4730900
2023-03-13,261.3204874422,269.0039542550,260.0414588035,263.6485290527,3892100
2023-03-14,266.2066492658,266.6667368228,258.9280888253,262.7744140625,5116000
2023-03-15,261.2837850787,266.0778904813,260.1059618296,264.9828796387,4835500
2023-03-16,264.0902340241,265.0380131833,262.2498839613,263.8417968750,4400200
2023-03-17,264.8447867006,268.6451141081,263.4093158850,265.3692932129,8342000
2023-03-20,264.4859246658,266.6943393097,263.7313743374,266.1698608398,3677800
2023-03-21,268.1665828369,269.5100585021,264.6423250830,266.3262329102,4788200
2023-03-22,266.9336413607,267.9642331726,259.9035168830,260.0507202148,3723400
2023-03-23,262.4891597341,263.2712861090,257.8514693368,261.2469177246,6005800
2023-03-24,260.0047362487,262.1855472647,258.4128228353,260.4280090332,3851000
2023-03-27,261.0996096198,262.1946199207,258.4863164563,258.8175659180,4269700
2023-03-28,258.3852040107,260.6764595234,257.5846560207,258.4036254883,3633300
2023-03-29,258.7992884329,261.3205596257,258.7992884329,260.7408447266,3607500
2023-03-30,262.5811462402,263.2620948920,261.1917009707,262.5811462402,3432800
2023-03-31,264.0810743269,271.9577718719,263.8694520010,271.5621032715,5800600
2023-04-03,271.3320297049,274.1845781571,271.2124024478,273.9637451172,4007600
2023-04-04,273.7520471537,275.8684383024,270.8994991973,271.4147949219,2965700
2023-04-05,271.4516490349,272.1049654799,265.4521176130,265.6269531250,4002400
2023-04-06,264.3202916792,266.6575442447,261.5505557028,265.5717163086,3193400
2023-04-10,263.2896782829,269.2800265427,262.8571949080,267.9273681641,2799900
2023-04-11,269.3260474843,271.5436728057,268.4702913960,270.3198242188,2497000
2023-04-12,272.5558941882,274.6170775648,266.4643110279,267.2556762695,3341400
2023-04-13,267.6697610121,269.1236253832,263.5105513907,268.8291625977,3505800
2023-04-14,268.8291519298,272.5558779625,268.1206272066,268.8659667969,2653200
2023-04-17,268.4150713375,271.9117252691,268.2770226158,271.8197021484,2621900
2023-04-18,272.6663299243,275.3532258607,272.2982654499,275.0863952637,2847800
2023-04-19,272.7858948358,274.4790134961,271.4976273476,273.2091674805,2889300
2023-04-20,272.3442333901,277.2579651972,271.9117499572,274.7366943359,3371800
2023-04-21,277.5432505050,278.9971431052,275.4544628262,276.0893859863,3506700
2023-04-24,276.0525751355,277.8009024951,275.3348395634,277.5616760254,2515400
2023-04-25,277.4327316153,278.5277419899,272.4913969085,272.6754150391,4529500
2023-04-26,271.8473038808,272.3442062626,264.1638367214,265.0748291016,4037400
2023-04-27,265.0103799014,271.1847458204,264.8263336828,270.4670104980,3133600
2023-04-28,270.3198946012,276.8071474790,269.9610408275,276.5494995117,4063400
2023-05-01,275.1139496630,275.6476388422,273.6324532134,273.9361267090,2970000
2023-05-02,274.6170552677,274.8287056470,267.8169478942,270.7891235352,3413200
2023-05-03,271.0467752635,274.9115219169,269.1512168036,269.6849060059,2743400
2023-05-04,269.3536544837,271.0743774155,262.5535470639,262.9400329590,4422500
2023-05-05,264.2466865657,267.6513174675,263.2620925036,266.5010986328,3806600
2023-05-08,265.9306085180,266.7035522456,261.7346122356,264.9460144043,3736500
2023-05-09,263.3264830332,267.8261240258,262.9492079264,267.3844299316,2570000
2023-05-10,268.4242840883,270.1358244629,263.0964902094,265.9582214355,3571000
2023-05-11,265.6913925058,266.3447371515,262.2683394550,264.7252197266,3859700
2023-05-12,265.0104305251,267.7433517132,264.5043454494,267.2832641602,3438300
2023-05-15,266.7771703163,267.6973453921,264.0350384813,265.5073242188,5353600
2023-05-16,259.2593405704,263.2528972293,254.9713211329,259.7930297852,12362100
2023-05-17,259.6274059340,270.5774843065,258.7624390698,269.0500183105,7956900
2023-05-18,269.2891982839,272.3073710503,268.3230258019,271.5988464355,4547000
2023-05-19,272.1509811883,272.1509811883,266.8047664058,267.6605224609,4470600
2023-05-22,267.5225183621,269.6020950038,265.0840318689,267.4580993652,3736200
2023-05-23,266.1881994116,274.0004754868,266.1881994116,271.3963928223,5352200
2023-05-24,273.6324014673,273.7704220839,267.0163417877,267.8629150391,4978200
2023-05-25,268.4978270410,268.4978270410,263.2252150471,263.8601379395,5355900
2023-05-26,264.0902559785,269.8873479259,262.8848288337,269.4548645020,4626100
2023-05-30,269.8689627141,270.9455799789,265.8846167318,269.0592041016,5193300
2023-05-31,268.3918897530,268.7718809788,261.3204043591,262.7013549805,18288800
2023-06-01,263.2574194185,268.0489858746,259.4853664798,267.2797546387,4305100
2023-06-02,269.3743513540,274.5273558863,268.5124343436,274.2771301270,4515600
2023-06-05,273.9805140006,274.0731996244,270.0416154020,271.6449890137,3028800
2023-06-06,270.4586867997,275.1853707789,270.3011184108,274.3327026367,2855400
2023-06-07,275.5467842162,280.0788477937,275.3614129845,279.6154479980,4842700
2023-06-08,280.0417616744,283.0909401814,278.7720507880,279.0500793457,3757300
2023-06-09,278.9481493242,279.3651921673,274.4253628232,275.5838623047,3485800
2023-06-12,276.5569646980,280.4587826673,275.8618650741,278.8368835449,4456600
2023-06-13,280.2642570556,281.8583538611,276.8073118638,278.1140747070,4043400
2023-06-14,278.9573593016,280.4031641908,273.9897277920,277.7710571289,4176000
2023-06-15,278.8184314306,281.2188393722,277.6506547031,279.9120483398,4109700
2023-06-16,282.0621467836,283.5821114877,278.1696059870,278.3920288086,10809300
2023-06-20,277.8267147191,280.5885877968,276.3994636541,279.3466796875,3371100
2023-06-21,280.6997990234,281.3485700770,278.2067057595,278.6886596680,2713300
2023-06-22,279.4300970831,280.6627281843,277.6691833884,279.1335144043,3052000
2023-06-23,278.3364351530,280.1900341698,277.2057386214,278.7905578613,8525900
2023-06-26,280.5144906844,286.5757406399,279.8749965989,285.3523864746,4440100
2023-06-27,285.5932723392,292.3681747079,285.3523236919,290.7740783691,5342500
2023-06-28,289.1615162510,290.0327102613,283.6563235827,284.0733947754,4025600
2023-06-29,284.3235656142,285.5747506670,281.7748668446,285.2874450684,3279700
2023-06-30,286.9186587576,288.6332439793,285.7323561899,287.9010925293,3230700
2023-07-03,287.1039626575,288.6053733988,286.2883745304,287.3263854980,1483300
2023-07-05,287.7712878281,289.4395158644,287.2986109616,288.0493164062,2496000
2023-07-06,284.3792298914,285.4357951752,279.4672025645,279.9120483398,4828300
2023-07-07,279.8842130669,283.2577773186,278.8647560941,280.6441955566,2951900
2023-07-10,281.0056838180,287.7991132579,281.0056838180,287.5674133301,3246700
2023-07-11,290.0048819518,291.5433727652,287.9937142659,290.6999816895,2913800
2023-07-12,293.1560155671,297.7436854695,292.8779869661,294.2774353027,5300500
2023-07-13,294.8149965291,295.1115792275,290.5239093010,291.5711975098,3235600
2023-07-14,291.7936014561,293.7028064923,291.2189901925,293.3320922852,2942100
2023-07-17,292.6092380866,294.5555233506,291.1541555921,292.9150695801,2002500
2023-07-18,291.5062554277,295.0188335705,289.2819422095,293.5730285645,2315600
2023-07-19,293.7955508605,296.5203446675,293.5082451713,296.0940246582,2361400
2023-07-20,296.8910130549,297.9197754313,294.6110937081,295.7325134277,2101900
2023-07-21,297.5676211861,298.3276038169,296.1032616504,297.0115356445,3673400
2023-07-24,297.4749227972,301.8216159737,297.4563969839,301.3118591309,2621900
2023-07-25,301.2747165590,302.9707471784,300.1254659602,301.3303222656,2890800
2023-07-26,300.9225850106,306.7336087187,300.5055138485,305.4638977051,3448100
2023-07-27,307.4287337569,309.0321074888,304.8522316117,305.5751342773,2608600
2023-07-28,307.6975052890,308.6243050038,305.3805060022,307.1136169434,2268200
2023-07-31,307.3730776361,309.6159450834,307.2155375451,309.4027709961,2690000
2023-08-01,307.4750844859,310.4501036708,306.6594962060,307.7623901367,2547200
2023-08-02,305.8716459400,308.1886447512,303.9161125194,304.4536437988,2752600
2023-08-03,303.6936362206,307.7901022240,303.6565846069,305.7048034668,2451300
2023-08-04,304.1385909377,305.3990249452,301.5157319652,302.5352172852,3591600
2023-08-07,303.2581286968,305.2970993959,302.6835173954,305.0746765137,2111000
2023-08-08,302.6742655684,304.4815364878,299.7178002339,303.8142395020,3272600
2023-08-09,303.3879023185,306.6965841978,302.8410938628,304.1849365234,2698900
2023-08-10,306.4555573015,308.5315793424,304.8614608677,305.2877807617,3075100
2023-08-11,304.4722119209,307.3174936446,304.3146718187,306.8726196289,3108400
2023-08-14,307.1969332676,309.3563917933,304.3887321067,305.7974853516,3974800
2023-08-15,307.4750211259,313.4158095073,304.4721714157,307.8272094727,5860900
2023-08-16,308.2720778625,313.0821700403,307.4008839774,308.6520690918,3753900
2023-08-17,309.3379500402,311.0803381388,303.1191314831,303.3230285645,3885100
2023-08-18,301.2654673167,304.8151255246,300.6815790596,303.4063720703,3472000
2023-08-21,302.7019502958,303.8697266363,299.8196176253,300.3386230469,3109700
2023-08-22,301.4601482736,302.4240279451,298.4573260968,300.7279968262,2582200
2023-08-23,300.7650105430,302.9986010810,300.3572164366,302.2200927734,2728000
2023-08-24,301.3210897633,304.9170768362,298.7167850780,298.9762878418,2490000
2023-08-25,299.7547840182,302.4517742138,297.6880390381,299.2265014648,2418100
2023-08-28,299.5416645064,303.4712860544,299.2358047766,302.0532836914,2099900
2023-08-29,302.8688187457,305.6955459279,302.8502646540,305.2692260742,2628200
2023-08-30,305.9314991466,309.3079336987,305.8102412542,308.3845520020,2256200
2023-08-31,308.9161901007,310.2219895111,307.4984406285,308.0767211914,2914700
2023-09-01,309.6623548873,311.0148072809,308.8602311249,310.6696777344,2317400
2023-09-05,309.5131822245,309.9422245962,305.3439310262,305.7263488770,3141400
2023-09-06,305.4930973093,306.5004201323,303.6556418797,304.0660400391,3199700
2023-09-07,303.1613146687,307.7223191149,302.4804203169,306.3232421875,2454000
2023-09-08,305.4651691010,307.3212689588,304.7003334492,306.5937500000,2210300
2023-09-11,307.1346938268,307.6849939874,305.5304178555,306.2765808105,2087800
2023-09-12,304.8401929559,306.6496680434,303.9634642761,304.3272094727,2190500
2023-09-13,304.1034009013,305.8942036168,303.1333661596,303.9541625977,2564300
2023-09-14,305.3625337104,308.0767178110,303.3851478086,307.4518127441,2707600
2023-09-15,305.2973081564,307.0228424068,298.7775890077,299.7756042480,7117800
2023-09-18,298.6190000583,300.0087407779,295.5876665404,295.9141235352,2740400
2023-09-19,294.6922499236,295.6062953043,291.3251232971,293.4423828125,2776500
2023-09-20,293.8061992331,295.0653743512,289.8887718576,289.9447326660,2320000
2023-09-21,288.5829356023,289.3571074611,285.7474649900,286.1205749512,2766500
2023-09-22,285.5609434964,286.9506841942,284.9080295171,285.1598815918,2289200
2023-09-25,284.0219197476,286.6148742150,284.0219197476,285.8686828613,1882300
2023-09-26,284.0313034017,285.2345177115,281.3357629147,282.1845397949,2655500
2023-09-27,282.6135091695,283.7514260876,279.7220781353,281.5129089355,2513900
2023-09-28,281.3730619684,284.3577426000,280.5149488525,283.0705871582,2369600
2023-09-29,284.4324001497,285.1039583301,279.6475516723,281.8301086426,3502600
2023-10-02,280.3004075413,283.0332929573,278.3790107081,279.6568298340,2806800
2023-10-03,277.8660577921,278.2298030565,270.5535511668,272.2977294922,3609200
2023-10-04,273.6220856675,274.4149015064,270.8239322111,272.7173767090,2956300
2023-10-05,272.3536260050,272.9785595204,270.7120333972,272.0738220215,2469300
2023-10-06,271.1970725927,274.7227452056,268.0538177442,273.1184692383,2922500
2023-10-09,270.7680284653,275.6461539326,270.1897478500,275.4875793457,1929900
2023-10-10,276.7281454026,280.4403738223,275.3104240863,279.0879211426,3116300
2023-10-11,279.5728470010,280.6081786446,275.9912137734,277.9965515137,2292800
2023-10-12,277.6701651474,277.6701651474,271.2064076543,273.3050231934,2546400
2023-10-13,273.2303842288,274.8999572418,271.3183239172,272.2790222168,2092700
2023-10-16,274.6201963173,278.2951080820,273.8273802020,277.3250732422,2567000
2023-10-17,276.7281335411,278.2857568178,274.6854786384,276.0285949707,2139700
2023-10-18,273.2863466639,273.5941310488,270.0964388987,270.7120361328,2720100
2023-10-19,271.4209012375,271.7380218989,267.1490659004,267.4754943848,3028600
2023-10-20,266.6267585202,267.8579531333,264.5281429832,267.1397705078,2885300
2023-10-23,266.5894615852,268.8559594597,265.1996924304,265.8899230957,2590900
2023-10-24,267.4475681742,268.5388608318,263.0544740692,264.2483520508,2705200
2023-10-25,262.7933085268,264.1737414771,260.4148889037,262.0284729004,2962800
2023-10-26,261.6553993607,264.1830573635,259.0624442615,259.2956237793,3108200
2023-10-27,260.2096593038,260.8532369550,255.8072295197,257.8591918945,2907300
2023-10-30,258.8012650930,263.3249530945,258.3255698035,262.5414733887,3074400
2023-10-31,263.5768087264,266.1977443526,262.6720710162,265.5355224609,3036000
2023-11-01,266.3749359920,267.5314972286,263.0451258283,267.3449707031,2747300
2023-11-02,270.7214079159,274.8346978395,270.4882284086,274.7134399414,3628000
2023-11-03,274.3870145739,277.7727859638,274.3777067483,275.7207946777,3071900
2023-11-06,274.9186453571,276.4949411394,273.4915878785,274.7507629395,2890300
2023-11-07,274.7880175738,276.0845091683,273.8086751264,274.9372558594,2629000
2023-11-08,275.1798159705,277.9593261159,274.3217028065,276.0099487305,2454900
2023-11-09,272.3070003056,273.0438269469,268.3242766845,268.5014953613,4059100
2023-11-10,269.7699909679,271.9711914062,267.4941571623,271.9711914062,3653500
2023-11-13,268.4268589579,270.4228602138,267.9138470983,268.6880187988,4586700
2023-11-14,280.6455638969,287.5010191880,279.9460253191,283.2012023926,7952800
2023-11-15,283.6395327244,288.1445478737,283.5555915250,287.4543457031,3985900
2023-11-16,285.2997932218,287.2305263594,283.8540632086,285.8221130371,3114000
2023-11-17,287.7435058399,287.9393686518,284.8987272975,286.5962524414,2770300
2023-11-20,286.5216277583,288.8347785087,285.1691753525,287.4543457031,3459000
2023-11-21,285.0106474487,285.4770064509,281.9979580472,284.7961120605,2977200
2023-11-22,286.7082059998,289.0119921848,285.8594291854,288.3964233398,2873500
2023-11-24,288.3777520941,290.4297431345,287.5662919667,289.7955017090,1259900
2023-11-27,289.7861360156,291.8381268478,288.9093788841,290.0006713867,2992600
2023-11-28,289.8047902214,293.4144041828,288.5736241435,292.2578430176,3116900
2023-11-29,294.8964112925,294.8964112925,291.9386264651,292.0419006348,3083800
2023-11-30,293.4691606864,294.6147187733,289.7601738834,294.3611755371,4493700
2023-12-01,294.6803880549,300.5678171332,293.9010464507,300.1170959473,3613600
2023-12-04,300.1171158580,305.2439443204,299.4973849321,304.2486267090,3827900
2023-12-05,302.3518739963,304.1547300769,300.4833110255,303.7603454590,3269800
2023-12-06,305.1688348987,308.2768598171,304.4270318611,306.2110900879,3030800
2023-12-07,306.2110298058,307.4317220983,304.8682940739,306.2673950195,2742300
2023-12-08,306.1078415509,307.3097362243,305.2251970159,306.5491638184,2889300
2023-12-11,309.6853080851,311.8261835274,308.7463271252,311.1125488281,3520700
2023-12-12,310.2769028680,314.1079329734,310.1642297260,312.8684997559,2893400
2023-12-13,314.4647665588,322.8592599360,311.6572222226,322.4461059570,5822700
2023-12-14,328.3992586825,331.5260819633,326.7654406490,330.3429565430,7594800
2023-12-15,326.9719826646,332.7561093764,325.5916793737,332.3992919922,11212800
2023-12-18,332.1270006718,333.2631884478,328.9438696071,329.4039611816,4420500
2023-12-19,330.0143037712,331.4227754826,329.0189860542,330.5870971680,4654700
2023-12-20,329.5823440241,333.1222922180,327.0564827419,327.3851318359,3259500
2023-12-21,330.3992477297,330.7560651030,325.8264147360,327.6762084961,2794200
2023-12-22,327.7419804594,329.9016255884,325.5353690807,327.3194274902,2029900
2023-12-26,327.1691754515,328.7278875050,326.9156608723,327.9954833984,1585500
2023-12-27,328.5588599467,328.6433648018,325.9954313853,327.2630615234,2764300
2023-12-28,327.2349420486,327.7419999106,324.6996813941,326.1644897461,2859400
2023-12-29,324.7277716762,326.3428200681,322.0892374801,325.4038391113,10325700
2024-01-02,323.2066506633,326.1080985925,322.2770686180,324.0235595703,2833600
2024-01-03,321.5822523014,321.7888292863,316.0516399562,317.6197509766,3309600
2024-01-04,319.1878271380,321.9954000133,317.8826583561,317.9295959473,3652400
2024-01-05,317.2535494725,322.8498689778,317.2066118782,322.0141906738,2664300
2024-01-08,322.4743219482,327.1973964622,322.3053122015,326.6997375488,2736200
2024-01-09,324.7090700284,327.8076963692,324.1832428755,325.0658874512,2338100
2024-01-10,329.2255161188,335.0847484332,328.9344342990,335.0284118652,4109300
2024-01-11,335.3007599887,338.9721795549,331.7044749580,334.7749328613,3530400
2024-01-12,336.6528773064,336.6528773064,331.8640681834,334.0049438477,1956100
2024-01-16,336.2115720546,337.7045485725,334.4744512799,336.5589904785,3669400
2024-01-17,334.8687592661,337.8077740356,332.4461725237,333.9955139160,2646100
2024-01-18,334.3899854345,336.8219433407,332.4275181353,336.0613708496,2510700
2024-01-19,336.9158049001,340.8125707190,334.5401838724,340.2961425781,3234600
2024-01-22,337.4322036427,339.4040695044,333.9861593663,334.9251403809,4003700
2024-01-23,334.1363726568,334.1645409387,327.7606840616,329.3757324219,3878400
2024-01-24,330.4649485411,331.3381939227,325.8921160281,326.0798950195,3474400
2024-01-25,331.0753133639,331.3476258824,327.0095381685,329.5541687012,3064200
2024-01-26,330.0236796895,335.2631814814,329.6011267434,333.6199645996,3177700
2024-01-29,333.4790572334,334.6246150651,331.4696530304,333.9955139160,2732000
2024-01-30,332.8688238973,337.0285035923,332.4369005838,335.3101806641,2336500
2024-01-31,336.0801268833,337.0754445538,330.8499952951,331.4227600098,3377900
2024-02-01,331.8359213237,338.1646735438,330.8218343248,338.0989379883,2439100
2024-02-02,332.5683109808,337.6106347795,328.6621462618,335.4322204590,3697600
2024-02-05,332.0800243646,334.3429720164,329.3569851919,333.4697265625,2653800
2024-02-06,333.1974256915,336.1552102179,332.6809689295,334.5119934082,2045300
2024-02-07,336.6059190118,341.5355692591,335.8922842824,340.5590209961,3272200
2024-02-08,340.7186759344,343.3384412865,339.5825168011,341.5262145996,2521900
2024-02-09,341.9111173534,342.1928001592,338.7842949308,340.9909057617,2389900
2024-02-12,341.9956777629,346.2210924705,341.8360383767,343.1506347656,3119700
2024-02-13,336.5965410704,337.4979548627,332.2866214520,335.7702331543,3106500
2024-02-14,335.3758677016,337.0754210765,332.3805159180,336.3711853027,2998900
2024-02-15,337.0002998757,339.5731274901,335.0754001468,339.0472717285,2662800
2024-02-16,338.6716657075,341.7796905755,337.2350259003,340.2397766113,3899600
2024-02-20,333.6293388269,342.9628123155,332.9251030726,340.4463500977,4830000
2024-02-21,338.5871927173,342.8313769897,337.0472786082,341.9111938477,3277800
2024-02-22,345.0192232781,350.2023887183,344.7469107312,348.6812438965,3387500
2024-02-23,349.3760398350,351.4136412248,347.6577172037,349.2633666992,3398200
2024-02-26,350.7188418716,352.0052414012,348.0990765638,348.9253845215,2461000
2024-02-27,349.9206680663,352.8690535490,347.9957397946,352.6437072754,2802900
2024-02-28,352.6437342696,356.6625721704,352.1742437267,354.5686340332,2282500
2024-02-29,355.6766049995,358.4841488934,355.0756434320,357.3855285645,4382800
2024-03-01,357.1508143057,361.6016039170,356.6531555011,360.9912719727,2750900
2024-03-04,359.5358074741,361.0663510392,356.9160425458,357.1601867676,2619000
2024-03-05,356.9067043655,357.7330122779,354.0146266720,355.3573913574,3011600
2024-03-06,357.5582937727,358.7768319487,355.0645727348,356.5286865234,2496300
2024-03-07,356.9348938624,359.2302578474,354.7717584785,355.6880187988,2368500
2024-03-08,354.2238624325,355.7541049059,351.4845369950,352.6652832031,2162900
2024-03-11,350.9744679779,352.3158084359,348.4334996768,350.9366760254,2833700
2024-03-12,351.8718065709,355.0739751277,351.7773411139,353.7893371582,2843800
2024-03-13,355.1967383224,361.5066381127,354.9605891192,357.9927368164,3761200
2024-03-14,357.0576111096,359.1357357208,351.5506241300,354.4788513184,3877500
2024-03-15,353.3926172395,357.4544015461,351.9001666962,352.5519409180,9234900
2024-03-18,355.6313259340,356.6798436253,350.5777548944,351.3050842285,3455600
2024-03-19,354.1199887550,358.4367752048,352.4574887842,358.3895568848,3493800
2024-03-20,358.3990188592,363.5565105866,355.3857520185,363.1125488281,2750400
2024-03-21,366.8908967957,374.8821787466,366.7775497764,373.3047180176,4212200
2024-03-22,372.8229326434,374.4570955699,368.4777813726,368.6572570801,2910900
2024-03-25,367.5427146577,368.2605888071,361.6767751008,362.2624206543,2683900
2024-03-26,361.2233482816,362.9708585262,358.3801020394,358.8807373047,2720200
2024-03-27,359.7497518951,364.9166983319,359.6458312413,364.5105285645,2536500
2024-03-28,365.6818075416,366.1351956107,358.6823409571,362.3473815918,4108200
2024-04-01,360.3354316053,361.9129213354,347.4605694235,347.6400451660,4333200
2024-04-02,344.3055365696,346.5347712000,342.8508494136,342.8886413574,4650500
2024-04-03,341.9441086531,342.3219416818,339.1103176974,339.9604492188,4723000
2024-04-04,342.5203208719,344.7779216478,337.1361350080,337.8634643555,4381600
2024-04-05,337.8634014859,339.4219805557,336.2953672227,338.0428771973,3243400
2024-04-08,338.2318553894,342.4825418980,337.4667341240,341.9913330078,4339600
2024-04-09,343.4837914094,344.2583678220,338.8552721485,341.3962402344,3022600
2024-04-10,332.3753592821,334.3779004153,329.4282210992,331.1379394531,4805200
2024-04-11,331.5913172358,332.4131119597,326.6321833106,328.1246337891,4104700
2024-04-12,326.9439025919,326.9439025919,322.5893243445,323.8739624023,3550300
2024-04-15,326.7550533411,326.9061635150,318.5087099820,319.2077026367,4209200
2024-04-16,318.1591252873,319.3776344967,314.5129663721,316.2793579102,4525500
2024-04-17,318.1213364472,318.5652981344,313.5494910021,314.3901672363,4273800
2024-04-18,317.0539366804,318.2819299192,312.9732712445,314.4468688965,3717300
2024-04-19,316.1660165670,317.2617524171,314.1540205816,316.7799987793,3076600
2024-04-22,319.4816403115,320.6435051512,315.2214980592,317.4885253906,3112800
2024-04-23,319.2737259316,321.3423952786,317.6584734370,320.2183227539,3697400
2024-04-24,318.3952721467,318.8486601927,313.4361386063,314.5602111816,4029200
2024-04-25,311.4525124257,314.4657790500,308.7887420662,313.5873107910,3787800
2024-04-26,312.6615656194,317.2239558418,312.6521104261,316.5249633789,2465300
2024-04-29,316.4399653615,318.6503186752,315.6370522213,318.1402282715,2427400
2024-04-30,317.1200814254,318.7447892926,314.4185192247,315.7031860352,3089900
2024-05-01,314.5602698535,316.8084154235,311.1785963037,313.5778808594,3267500
2024-05-02,316.9122760376,317.3845745116,312.6427082105,316.9406127930,3213600
2024-05-03,322.3720478826,327.6617965998,321.5124611937,323.8550720215,4165100
2024-05-06,326.8305575911,327.1895090585,321.5786006481,323.3261108398,3366100
2024-05-07,324.5636006212,326.3961214780,321.5219965128,321.8148193359,2930700
2024-05-08,320.0105514589,321.5785858448,318.9242707389,320.0577697754,3123200
2024-05-09,320.4545438815,328.7292231264,320.1050475911,328.1907958984,3801400
2024-05-10,328.2096891981,330.4294980734,325.6026208925,327.2367553711,3413700
2024-05-13,328.7764383467,329.4660045529,321.5408216731,322.0697937012,4055600
2024-05-14,316.4872191483,325.1775232391,314.5508067933,321.6352844238,5854300
2024-05-15,326.0559676638,331.0245568359,325.5931243837,329.3526306152,4151100
2024-05-16,328.7197144011,328.9558636213,323.6850257121,323.7416992188,3101600
2024-05-17,325.6592856598,325.8198510140,321.7203033080,325.1397399902,2739000
2024-05-20,322.2303734737,323.5716850468,318.8392737634,319.1037597656,3237400
2024-05-21,320.2183828489,320.2183828489,313.9179081780,317.5262756348,4275100
2024-05-22,316.1188083709,316.6761170939,310.7062576474,312.2742919922,4024400
2024-05-23,312.6426947668,312.6615763273,307.9385917906,308.7792968750,4021100
2024-05-24,308.3069779424,309.3932585483,306.4461210055,307.0884399414,2736900
2024-05-28,307.3624304381,312.6521505555,306.5028437123,310.4890441895,3807500
2024-05-29,308.4392526968,308.6848571377,305.8321557908,307.8536071777,3506200
2024-05-30,310.3266831470,314.0932833333,309.8035256871,313.1040649414,2921800
2024-05-31,313.9315584491,318.8015408344,311.9912054571,318.5161743164,5557800
2024-06-03,317.3556969650,317.3556969650,310.8782758319,311.9911499023,3712800
2024-06-04,310.9068116600,313.6842218793,309.2232626983,312.2289428711,4296800
2024-06-05,312.4572294668,314.3215019168,310.0032402539,314.1312866211,2422400
2024-06-06,313.6937676607,315.6341496807,312.0387521588,314.9302978516,2979400
2024-06-07,309.8225503628,312.7616425979,308.1104383533,311.0590515137,2583800
2024-06-10,311.0305023453,316.5472397056,310.5549205374,316.3189697266,2691000
2024-06-11,316.7375101049,319.8858596099,314.1883983715,319.3246765137,3250900
2024-06-12,330.0823133728,333.3733314052,326.3061926005,327.3334655762,4793000
2024-06-13,329.0074633252,331.6612177346,326.3156832737,330.8907775879,3380800
2024-06-14,327.9707198562,330.5293522722,325.0030940571,329.9015808105,2589000
2024-06-17,328.0468510878,333.5635887462,327.5807611524,332.4317016602,2680200
2024-06-18,335.7131721452,339.0041897591,334.9141692536,336.5882263184,3655000
2024-06-20,334.8095215810,337.5869315206,332.5172142710,336.1791992188,3661200
2024-06-21,337.5108718292,338.8520159228,334.8571173874,338.4239807129,6596400
2024-06-24,339.4703187552,340.2217462059,333.5921340552,333.7443237305,4278900
2024-06-25,329.3974873897,330.0442717171,318.1927805469,321.7976989746,4879600
2024-06-26,322.8819783754,325.8591250034,321.0462396460,325.1267395020,3365300
2024-06-27,326.0873607466,327.9231283106,321.9212891168,324.8128051758,2912600
2024-06-28,324.6796802946,328.4177460416,324.0709216958,327.4285278320,6344000
2024-07-01,327.1242031906,327.8185340520,319.0107787171,319.7716979980,2643600
2024-07-02,318.6398008363,320.3804174241,316.2904256213,318.6112670898,2995900
2024-07-03,320.5421175305,323.0532032448,317.2510997630,317.3462219238,1733000
2024-07-05,316.4616545204,319.5149107814,315.4439314606,318.2403259277,3437500
2024-07-08,319.4768374518,324.1185205054,318.6398088320,323.0151672363,3534500
2024-07-09,322.3969260392,322.6917844442,319.1819883051,320.6277465820,2254300
2024-07-10,322.1020648796,327.4761335717,321.1318594018,327.3714904785,3263100
2024-07-11,333.6491950610,336.8355991997,328.1514701426,336.5122070312,4146900
2024-07-12,337.6630640253,346.1759895039,336.7975017019,342.2001037598,4019900
2024-07-15,341.6008843064,343.5412370092,337.6915871016,340.9540710449,2884000
2024-07-16,342.4759659049,351.3788723577,341.9433166073,351.0935058594,3210400
2024-07-17,348.7346020389,356.8670384105,347.5741813996,353.7282104492,3991100
2024-07-18,351.8354173279,357.3902093870,347.9166278568,348.2019653320,2395000
2024-07-19,348.5348557018,349.6477298370,344.2736615381,345.6147766113,2474500
2024-07-22,346.6991474233,349.3433811863,343.4461549965,345.5101928711,4049300
2024-07-23,347.5837230424,347.5837230424,341.8291946140,342.0574645996,2535700
2024-07-24,341.4010809589,343.7980313658,332.9071985454,333.2020568848,3508100
2024-07-25,333.0974683355,341.3059849336,332.2699317100,336.0365600586,3297600
2024-07-26,337.6725536801,344.0073058906,337.6725536801,341.9527893066,2439000
2024-07-29,341.6674713620,345.1677754987,341.4201885625,344.0073547363,2142100
2024-07-30,345.1011727600,346.8798439881,341.7150327796,345.9286804199,2788800
2024-07-31,347.1746787328,354.2988840844,345.3104063938,350.1803588867,3526100
2024-08-01,351.9209546899,353.3382079654,336.4740695896,341.0681762695,3759000
2024-08-02,337.5965007039,338.2052593610,329.8064682410,338.0720825195,3764600
2024-08-05,333.7443168397,336.6548753797,328.3797397489,332.9168090820,3827900
2024-08-06,331.7183346824,341.1443702709,330.3201229063,336.6263427734,2831100
2024-08-07,337.8342435626,338.8710082901,325.5642402690,325.6783752441,3429100
2024-08-08,325.5262346180,331.7087982733,324.6701931481,331.3283386230,3591100
2024-08-09,330.9003357594,334.3625563474,328.5319185351,331.6137084961,2314800
2024-08-12,333.6396382252,334.3339980878,325.4215999951,328.9218750000,3830200
2024-08-13,325.1743231538,336.1317473423,322.7964139501,332.9738769531,6388600
2024-08-14,332.4792381137,342.1240513379,332.3365693734,338.2908630371,4814800
2024-08-15,344.7587394711,347.5646836136,340.6497349092,342.4854736328,3575800
2024-08-16,342.3903977691,345.9382488149,342.3903977691,344.3783264160,3308300
2024-08-19,344.7968190172,346.8798697081,344.4163593672,345.3389892578,3634900
2024-08-20,343.0371636037,349.6858172371,342.8944948621,349.3338623047,3459400
2024-08-21,351.4073865414,354.6603496400,350.5227823757,352.3680419922,4587600
2024-08-22,353.3572788219,354.2703877539,346.8037476585,347.5171203613,4097300
2024-08-23,348.7536442127,357.9418879443,347.3554325791,357.2475280762,3426200
2024-08-26,358.6647703869,360.0915158381,355.1359614319,355.8398132324,2452100
2024-08-27,355.2500891112,356.0015164943,352.8817009997,354.9552307129,1780300
2024-08-28,354.7839941122,357.0763016861,352.1207478584,354.4891357422,2218300
2024-08-29,356.5656476890,357.2450965887,351.1302317127,351.2546386719,2698400
2024-08-30,353.3407867090,354.4604202155,349.1685391332,352.6326599121,3216700
2024-09-03,352.0585128343,353.4747957250,347.2738088567,349.0345764160,3598100
2024-09-04,348.4891504407,350.1733464216,344.5082731346,348.9676208496,3221300
2024-09-05,349.1877008002,349.4269360062,342.1828869604,346.2690429688,2789200
2024-09-06,347.2929532999,349.7044335006,343.9436606415,344.5465087891,2228800
2024-09-09,347.1398992825,350.3934925866,344.5274400441,349.7810363770,2747600
2024-09-10,349.9532671147,355.5609262631,346.8719165276,354.9006347656,2787400
2024-09-11,353.6374606173,355.2259858482,346.5465549952,354.5369873047,2937700
2024-09-12,355.9245389293,358.8431964865,354.6039560438,358.3073120117,2367700
2024-09-13,359.3886889006,365.5513900641,359.3408535414,363.6279296875,2514700
2024-09-16,365.5513648509,367.4652463423,363.1877200410,365.5609436035,2877800
2024-09-17,366.9197971591,371.2356094326,365.2451507901,366.7379760742,2947600
2024-09-18,367.5513959317,375.7619645186,364.6614451694,367.4748535156,3549400
2024-09-19,374.0106969090,374.9963446545,370.3456269047,373.5322265625,3753500
2024-09-20,371.6088491115,374.9581422819,370.3361305563,373.0729675293,6584200
2024-09-23,374.0011412912,375.7427804689,370.5848850009,375.0824890137,2502300
2024-09-24,377.7045390546,383.8385037798,376.6806054071,383.4078979492,4057700
2024-09-25,383.4079006385,383.4079006385,378.5849108772,379.8385009766,2787300
2024-09-26,382.2978613617,382.7763317765,378.4605192905,379.6184387207,2849500
2024-09-27,382.4413663038,386.1638798527,381.1590691985,382.3265380859,2452300
2024-09-30,382.9677070485,387.8576603555,381.8384947476,387.7524108887,3442000
2024-10-01,386.6232341698,392.8816355457,384.1256325530,391.4366455078,3476200
2024-10-02,390.1447459857,393.7428232600,387.5227085360,393.5514526367,3431300
2024-10-03,391.3887716990,395.1878276926,389.2834903409,393.8576660156,3320700
2024-10-04,392.4127264879,394.0873729119,382.2500197188,390.7763366699,3989000
2024-10-07,387.4558324124,392.1639654978,383.9629746078,390.4893188477,3267800
2024-10-08,392.1543584597,397.4079837161,390.8529328889,396.3457641602,3693900
2024-10-09,401.9151897837,401.9438968434,393.0634861992,398.1544189453,3627800
2024-10-10,392.0777776399,396.6328250989,390.0777749137,392.3074340820,3040800
2024-10-11,392.8816127438,395.3505363632,391.2356733987,394.1639099121,2717400
2024-10-14,393.7620298803,398.4893199965,393.5897583334,397.5323791504,2088700
2024-10-15,399.9534296091,403.4079719707,397.1495707964,397.6854553223,3693000
2024-10-16,396.0491313856,400.7094289640,396.0491313856,400.5850219727,2429000
2024-10-17,400.5849924416,400.9582133882,396.7093937072,397.7046203613,2013800
2024-10-18,398.7093786087,398.7189573618,395.4462069752,397.1304321289,2436600
2024-10-21,398.1543877344,398.6232794073,386.9581680724,388.9007568359,3699500
2024-10-22,381.3409038975,385.5993020841,379.1495013167,384.5466613770,4486700
2024-10-23,383.3122234736,386.8720445939,379.6088670670,382.4318542480,3159000
2024-10-24,384.9676896534,386.7954499294,380.9485269561,385.3408813477,2550300
2024-10-25,386.1447596494,386.1447596494,380.6997638996,381.7332763672,1941400
2024-10-28,386.0777851572,388.3648585291,384.6423739285,385.5419006348,2586500
2024-10-29,376.9772764470,381.9246442306,372.2978217266,378.0586242676,3822700
2024-10-30,377.9916012905,380.5657742786,375.0633648927,375.6183776855,2795600
2024-10-31,373.6854133340,378.6328105290,373.6854133340,376.7954711914,2518600
2024-11-01,377.8001946401,381.5418364594,375.1303509867,375.6853637695,3277800
2024-11-04,375.0729578377,383.2356616848,374.2308452621,378.5370788574,2690500
2024-11-05,377.9629248458,382.9964430107,376.9007053273,382.8624572754,2496500
2024-11-06,377.0729619253,377.0729619253,365.2834442318,371.6470947266,7133400
2024-11-07,374.1638650454,382.5466760729,373.9724651978,382.2404479980,4323100
2024-11-08,386.6040900172,388.9007421370,384.9772789471,388.4222717285,3448700
2024-11-11,390.2117531798,393.8768529263,388.3552856265,390.7093811035,4071500
2024-11-12,396.4127356835,398.1065104259,384.8720317015,385.7236938477,5647100
2024-11-13,391.5131720012,394.9677140758,389.2069412994,392.5275268555,3083100
2024-11-14,390.4318544182,393.7811472870,386.9773120770,388.2500305176,3348100
2024-11-15,385.5514491161,391.3026727683,385.5514491161,390.6040954590,3239500
2024-11-18,388.0395249254,394.7763968643,386.5562782501,392.7668151855,3394300
2024-11-19,390.7955524008,391.5419651786,382.1639262849,389.2835693359,3239400
2024-11-20,388.5179507446,389.1878209618,382.6997637407,382.7763061523,4732200
2024-11-21,384.0489827894,393.6758327103,383.1399066832,392.7763061523,3722200
2024-11-22,394.3457254842,402.0491163431,393.2548281727,401.9151306152,4932500
2024-11-25,406.6998369506,411.7237761129,406.1830807454,410.2118225098,4544200
2024-11-26,410.1448078733,420.4510491516,406.4127448201,411.0251770020,2758600
2024-11-27,412.3046681407,413.7476382606,409.7650266381,410.9482727051,2293500
2024-11-29,412.2661479948,414.6133815521,411.2849389597,412.8144836426,2028700
2024-12-02,412.6894372482,414.0362034330,407.0714773362,410.7269897461,2617100
2024-12-03,413.3917106923,414.3055741547,407.2254148515,413.0261535645,2714000
2024-12-04,410.1979438467,412.5259192820,409.3225384203,411.6505432129,1968800
2024-12-05,410.3807145040,413.4205751279,409.6880876611,410.3229980469,2523500
2024-12-06,412.4008898670,419.1828379813,410.7751411130,414.9693603516,3161400
2024-12-09,415.9120381937,419.7695578390,411.7562777546,412.8625488281,3426000
2024-12-10,410.6692638536,411.0636791839,405.3880029486,406.5231323242,3354900
2024-12-11,409.0627596738,411.7274336642,405.2436979583,405.3591308594,4211200
2024-12-12,405.4072791072,406.6770999244,397.4709430353,398.6638183594,3673600
2024-12-13,399.9624478082,402.2423652609,398.4329030019,401.1264648438,2649500
2024-12-16,401.9633697637,402.5694218924,395.0755890829,395.0948181152,2879600
2024-12-17,394.4118307820,394.7966169406,390.7851764676,392.9400024414,3726500
2024-12-18,391.5258746933,395.0948124072,378.4237112988,378.8469848633,4225500
2024-12-19,379.7320088677,380.1168243870,370.2565285285,370.3815612793,4576100
2024-12-20,368.7942542049,378.3371083677,368.4864135706,377.6733398438,8046400
2024-12-23,376.2304043099,378.2890263560,372.3151384515,377.5290832520,2433800
2024-12-24,377.2212469384,381.0787963867,375.6532147379,381.0787963867,1392600
2024-12-26,377.5964088300,380.7324732719,376.7306326332,380.1168212891,1319500
2024-12-27,377.2308340112,380.4342143473,376.4900906565,377.9234313965,1942700
2024-12-30,375.6820853432,376.3362247621,371.0164760108,374.6239013672,2444700
2024-12-31,375.1817998353,376.5766531118,372.5748131021,374.2005615234,2179700
2025-01-02,377.2212451135,377.7407225652,371.6898597760,373.6907653809,2415700
2025-01-03,374.9990736633,376.1438322821,371.1415242322,374.3833923340,2231600
2025-01-06,375.6532348539,379.0105360605,373.2771427959,374.5661926270,3274500
2025-01-07,376.0379721228,376.9999521126,368.5345399457,369.6215820312,2274300
2025-01-08,368.4383102783,372.9499984630,365.6485743748,372.4786376953,2848500
2025-01-10,374.1236552563,377.9715753585,369.9967527267,375.0664062500,5323400
2025-01-13,375.1625938332,380.8094120827,372.9596806353,374.3833923340,3512900
2025-01-14,375.7397884179,379.2125517031,374.8162957796,377.8465270996,3405200
2025-01-15,391.1891581074,392.4878369688,386.4850912095,390.6504516602,4584800
2025-01-16,390.8235861152,394.5175856230,388.5629567046,393.7672424316,2305900
2025-01-17,397.7690922761,398.6926141935,392.9976797984,393.8153686523,3229000
2025-01-21,397.2977566958,404.2432537619,397.2977566958,402.5213012695,3568100
2025-01-22,401.6747288409,401.6747288409,393.7672522323,394.5079956055,3581400
2025-01-23,395.9221577959,398.9235310183,393.2093668614,398.6349487305,3840300
2025-01-24,398.3463073209,399.2313418662,395.1429267364,398.7407226562,2369800
2025-01-27,399.1254890596,409.9862512873,398.2597129464,408.7164306641,3699200
2025-01-28,407.1484330185,407.1484330185,400.8571045353,402.9060974121,2818300
2025-01-29,404.2432654655,405.3495366726,396.1337805357,397.7018127441,2384900
2025-01-30,400.5781080374,401.4535133881,395.8740115966,398.7407226562,3081300
2025-01-31,397.4613480727,400.5492961076,394.7196987973,396.3165893555,2761000
2025-02-03,390.6793525911,396.2395963817,385.7636483833,393.2189941406,2896200
2025-02-04,393.9404521347,396.8937085202,390.6504675094,395.8451538086,2150800
2025-02-05,399.3660294924,399.3660294924,392.6225690076,398.0866088867,2212100
2025-02-06,399.1351508176,401.9056580917,397.2977653773,398.4136657715,2023700
2025-02-07,397.4901655107,398.5387202347,391.0448874797,391.8818054199,2530200
2025-02-10,395.0274517619,399.1735829034,393.2477830235,398.2500610352,2617600
2025-02-11,398.2597096124,400.7320051937,397.0476054497,400.5299682617,1441800
2025-02-12,393.0458078013,394.0751335317,386.8314247103,391.6605834961,3387000
2025-02-13,393.1708532491,397.2785268015,391.9972364280,396.7494201660,3067900
2025-02-14,399.2217376672,402.1076779395,393.0265835341,393.9308471680,3004400
2025-02-18,392.7860659490,393.3247724203,385.0036509846,387.9761657715,3994000
2025-02-19,382.1177350633,383.4837597174,378.0004614250,380.3957824707,3780000
2025-02-20,378.0581419231,379.7512361261,376.2303857853,379.6358032227,2703500
2025-02-21,381.3289254747,382.6949502045,369.3041736033,370.6509399414,5287000
2025-02-24,371.4108825538,371.8533851670,363.8208750499,367.8804321289,5722000
2025-02-25,370.3623350288,385.7636456798,369.5831335037,378.3371582031,6823900
2025-02-26,380.2129771415,383.7049693428,373.7869575957,375.6339721680,3871500
2025-02-27,375.0856165828,380.4342229096,373.5656717781,375.4319152832,2825100
2025-02-28,379.4242221145,381.7810558579,375.4416102184,381.5213317871,4263500
2025-03-03,381.8580082818,381.9734411954,371.7764463749,374.8740234375,3397600
2025-03-04,371.4686007006,373.2097822906,364.4942451454,367.1685485840,4384800
2025-03-05,364.5904512644,372.4017248371,363.6381003771,371.6610107422,2780300
2025-03-06,368.9193690161,373.0174136439,366.2546947030,367.2166748047,4222000
2025-03-07,365.0714178574,366.1776890098,354.8744237665,362.4740600586,4573900
2025-03-10,363.0897553350,368.5537950171,358.4433752161,360.4058227539,3710500
2025-03-11,359.9921947222,360.6751923741,351.8249930556,354.1625976562,4013300
2025-03-12,357.8277018820,357.8565601077,347.9962651047,350.8629760742,3368000
2025-03-13,350.3596404093,350.4467645127,334.2410313204,336.1675109863,7062400
2025-03-14,339.4589608179,340.1753637263,334.3958957504,340.0979003906,5510700
2025-03-17,340.5335245708,344.2025447546,339.7590389913,342.8278808594,3681300
2025-03-18,342.2470292913,342.5955551933,336.4966030288,338.4134216309,3008200
2025-03-19,340.7658400705,343.1182789783,337.8518954501,342.1405334473,2990200
2025-03-20,343.3699950586,350.2240223432,340.9594733957,344.1734924316,3391200
2025-03-21,340.8529952972,342.1115233432,335.2284246161,339.9429931641,8205400
2025-03-24,343.3022765151,352.7991874080,342.9731311809,352.1602478027,4023200
2025-03-25,349.9917071855,352.0440422969,347.0971429996,349.4689331055,2799500
2025-03-26,348.8881429898,353.0896280515,348.6267411502,350.5726013184,3140900
2025-03-27,350.3498849329,353.5542432731,349.6238213293,351.1534118652,3036600
2025-03-28,351.5697193436,351.6084510122,344.8028152789,346.7196044922,2980200
2025-03-31,342.2179836465,356.9715868397,341.3951056413,354.7933959961,4498800
2025-04-01,352.5184378167,355.5678992405,350.3692882292,353.8543701172,2801600
2025-04-02,350.9888455797,360.4276729943,350.6984319382,359.0530090332,3189500
2025-04-03,344.4252001604,348.5492507570,340.4850880347,344.5510559082,5407100
2025-04-04,339.5170617979,353.7769636319,337.9003764889,342.6052551270,7531100
2025-04-07,333.3116228849,342.9150381967,322.8563176684,330.6106872559,6950500
2025-04-08,339.1975910090,342.7020536099,319.2163045498,324.5407714844,4868000
2025-04-09,318.1126686036,344.6769176632,315.8957461574,344.0476684570,6793000
2025-04-10,341.5887832164,343.9509128765,328.8197402614,342.3341979980,5574800
2025-04-11,339.1298083328,343.1570449359,333.2148239600,342.5664978027,3576400
2025-04-14,346.3806929062,347.5617574188,342.3147549034,345.7998657227,2841800
2025-04-15,345.1802911003,349.9045493389,342.0437060097,342.8084716797,2883100
2025-04-16,340.6109645427,342.5084025456,333.3309772247,334.9476623535,2637200
2025-04-17,337.4259685123,346.0903398877,337.2517203267,343.7282104492,3232400
2025-04-21,342.9827741783,343.0505176616,330.8913748621,335.8286132812,4015200
2025-04-22,339.9526897310,344.8511968564,339.2363163744,343.1183166504,2802400
2025-04-23,350.3692662416,353.1960573327,343.5248995677,345.0447998047,3283300
2025-04-24,345.1222174901,348.8977421514,343.2925231098,348.1620178223,2749500
2025-04-25,346.2839806492,347.5424792021,343.4184280730,346.1677856445,2811300
2025-04-28,346.5646673921,348.6073416786,343.1957512028,345.5288391113,2413000
2025-04-29,344.5317203456,349.0720109657,343.4087384106,347.5424499512,2836900
2025-04-30,345.1222447491,349.7399987907,341.1337399435,348.9848937988,3741500
2025-05-01,348.8106672278,351.2986525061,346.3033308873,346.8648071289,3210100
2025-05-02,350.5241317087,354.5417072673,349.6335102363,352.8862609863,2283300
2025-05-05,350.5726223746,352.6346481316,348.2492243059,350.1853942871,2563500
2025-05-06,347.2326681406,350.7080892192,345.7321484352,347.9103393555,2299700
2025-05-07,348.9752484835,352.1699167729,348.2782261876,351.1727905273,2657200
2025-05-08,352.3925750978,357.5234129765,350.6984266132,353.2154235840,3035800
2025-05-09,350.5725570124,353.9027711227,349.9626588551,351.1340332031,1970700
2025-05-12,363.0318240507,366.6331009270,361.5603456929,364.5710754395,3831400
2025-05-13,368.8403046857,368.8403046857,361.0472339500,361.6764831543,2726800
2025-05-14,360.0307518827,363.7966161518,358.9948939967,360.9117126465,2587400
2025-05-15,360.2243667910,367.2236011193,359.6628610520,366.5459594727,2830500
2025-05-16,368.0949150008,369.0049171278,366.0812819582,368.6273498535,3129100
2025-05-19,362.2477010761,368.9952541967,362.2186597100,367.2720642090,4428200
2025-05-20,374.0389460065,377.3110775898,362.1121333332,365.0163879395,6287400
2025-05-21,365.9167175582,366.2555236165,356.8360770544,359.0045776367,3966000
2025-05-22,356.2552297391,357.4459847568,352.9347057480,354.4449157715,2957300
2025-05-23,350.8145782150,353.0798931254,349.6238232628,351.1340332031,3115000
2025-05-27,354.2125708100,358.7238200963,353.5058582521,358.5786132812,3998500
2025-05-28,357.0490779485,359.3047027540,355.7034257640,356.3133239746,2986100
2025-05-29,358.1913970577,358.5302326664,352.4409706442,356.5359802246,3034800
2025-05-30,355.3355349124,357.8429006902,353.4671382290,356.5359802246,4110400
2025-06-02,353.4961756452,356.2939550313,350.2918171681,356.2164916992,2506900
2025-06-03,356.2165058216,361.6184360214,355.2871526047,361.1730957031,3359500
2025-06-04,361.1730916490,363.3900142818,359.7984276729,360.5148010254,2428800
2025-06-05,361.3817384046,361.9369831366,357.9918857818,359.7160339355,2324100
2025-06-06,361.8883241976,362.9987840396,356.4917955560,357.8165588379,2349700
2025-06-09,357.8067885947,357.8360104358,354.9234282139,355.7416992188,2619700
2025-06-10,356.4625504512,359.0049399928,353.1603335315,358.3815307617,3014900
2025-06-11,359.5796702584,359.5796702584,350.0042404390,351.1244506836,3793500
2025-06-12,351.4654036659,355.6150837247,349.2249831023,353.7545471191,2921900
2025-06-13,350.6763662760,353.3941164382,343.6628270596,345.4746704102,3364400
2025-06-16,346.6631200318,347.8612454140,342.7861867752,344.4031982422,3688600
2025-06-17,342.8251417875,345.1142853065,338.4124650158,339.7469787598,4230100
2025-06-18,341.0133245589,341.8120946529,336.8441727398,338.0423278809,4453900
2025-06-20,338.4903760002,342.1140332200,337.8377449215,340.5652160645,8056500
2025-06-23,340.9061911896,347.8223155137,339.4937325875,347.7151489258,3862400
2025-06-24,347.4326313504,352.3420791931,346.5656671549,351.0855102539,4089600
2025-06-25,349.8191623480,354.1831457292,349.0593647224,352.4881896973,4159600
2025-06-26,353.8129767780,355.7709293581,351.2608368396,354.0857238770,3187900
2025-06-27,354.1928895199,360.5635190882,353.5987021132,359.1900329590,5503700
2025-06-30,359.7160511296,361.3428130380,355.2741525151,357.1444396973,4600700
2025-07-01,354.9039662024,369.8564229794,353.5499812269,363.4955444336,5152600
2025-07-02,363.9728524260,364.2845718974,359.8037011092,362.2194824219,3011400
2025-07-03,362.1805014156,363.5150150697,358.7906191310,362.0538635254,2573600
2025-07-07,361.3914647906,363.1351138742,355.2838623273,358.1184997559,3433100
2025-07-08,356.5404669153,360.8070344059,355.6540313645,357.9821472168,2531700
2025-07-09,357.9919052585,361.4597028010,355.3423490738,361.4304809570,3384200
2025-07-10,359.4433046655,368.1517708478,358.9660046408,363.6319274902,3701700
2025-07-11,360.7680636142,362.1707715550,357.6022350876,360.4855957031,3068900
2025-07-14,360.8849785029,361.6739979989,356.9593523431,360.5245361328,2481100
2025-07-15,360.3979261498,361.1479732752,349.2347064354,349.3516235352,3868700
2025-07-16,350.5400182483,351.6018146396,343.3316758343,348.1437377930,4259800
2025-07-17,347.3059888848,350.9880895820,345.4746741956,349.7412414551,3128900
2025-07-18,350.6569142137,351.2608521213,347.7248604775,350.0919189453,3361600
2025-07-21,351.3777629825,356.3067123527,350.5205492264,354.6117858887,3503900
2025-07-22,355.0403663610,362.5604277610,354.3000400400,361.4012451172,3095400
2025-07-23,362.0734019985,368.0933398488,361.9272630472,366.6029663086,3238000
2025-07-24,365.7554840130,368.0933206582,362.6188773481,363.4273681641,3088000
2025-07-25,364.9566980193,366.2522393183,363.3883798919,365.6190795898,2221000
2025-07-28,364.0605414524,371.2104400741,363.3202448190,367.4601745605,4062800
2025-07-29,367.2361004659,369.8954070676,365.0638443953,367.5672912598,2931600
2025-07-30,367.8984529072,368.7264446899,360.0569518682,362.4434814453,3110700
2025-07-31,359.6089242715,363.1546368973,357.3392520101,357.9919128418,3091600
2025-08-01,358.2938583677,365.0930647287,356.2774620427,363.9826049805,3008200
2025-08-04,365.1320185857,372.0091693299,364.0118083709,370.9571533203,2844300
2025-08-05,371.9702071788,376.9186570868,371.0935221922,375.4282836914,2931400
2025-08-06,376.0809031669,378.8570969784,374.5613079764,376.7822570801,2812800
2025-08-07,378.5551393176,381.3118618928,373.4313583628,376.1686096191,2433000
2025-08-08,377.0550074223,379.2077920669,376.1978235008,377.8050842285,2326700
2025-08-11,379.8799371424,381.3800313517,373.3729195535,377.4933776855,2605800
2025-08-12,381.2826789584,386.1142122595,378.9253411341,385.7440490723,2911300
2025-08-13,389.1436508991,397.2579299590,388.4228255757,396.6344909668,5187500
2025-08-14,390.8093621376,393.1569195621,389.0169900044,389.9521484375,3600200
2025-08-15,391.7931613010,392.3581565375,385.1887576020,389.0364685059,3841400
2025-08-18,386.2992558354,387.8286015998,382.3444079987,384.4776916504,4407100
2025-08-19,390.6339940737,403.6284985701,390.6339940737,396.6539611816,7629300
2025-08-20,399.0697226055,400.5211534266,391.2671931832,391.3353576660,4195300
2025-08-21,389.5527795495,393.9557058772,385.9096509007,387.4000244141,2942600
2025-08-22,390.4878844932,403.7648866065,387.9941881749,402.0991821289,5284700
2025-08-25,399.7321158154,400.4237490046,396.9948940842,398.3099365234,3579500
2025-08-26,397.4331855329,398.4462588393,394.2283851005,396.9851074219,3180900
2025-08-27,398.2027961453,401.0276833838,396.6539789668,397.6670227051,2487800
2025-08-28,396.4591340843,398.3586430549,394.3258503703,396.8974914551,4051600
2025-08-29,397.1702353241,398.3099169155,394.9005632104,396.2350769043,2210300
2025-09-02,393.2250665182,398.0079057762,392.3191597643,395.7869567871,3328600
2025-09-03,394.4524771419,398.4267963014,393.1179634747,397.1507263184,3025100
2025-09-04,400.1876178222,404.8016547254,398.9043082587,403.3028259277,3873100
2025-09-05,408.1029504040,411.8353281816,405.5853009626,410.4148864746,5855600
2025-09-08,409.9740996646,412.0117116653,407.2801240993,411.3847656250,3742600
2025-09-09,409.6018115144,410.1895939448,404.3412170595,406.8784484863,3516000
2025-09-10,407.0547877405,408.9258797597,403.3517971709,404.8114624023,2897800
2025-09-11,407.2311289102,416.5571711507,405.8106571982,414.7938537598,5316400
2025-09-12,411.7080237334,414.8820370474,410.3463571036,414.0787353516,5004200
2025-09-15,413.8631961057,414.6762737077,409.2393535011,414.0982971191,4884700
2025-09-16,415.1171142349,415.8812224174,411.5316743333,412.8639831543,3726700
2025-09-17,415.7930691492,418.0560061228,407.3388796375,408.5046386719,4771700
2025-09-18,409.0434047121,412.8052001978,407.3878320314,408.9748535156,3677200
2025-09-19,408.8670803222,410.0524210971,406.6433369021,407.2213134766,6718400
2025-09-22,405.6735059015,406.4278381657,402.7542352559,403.6065063477,2656300
2025-09-23,403.6064865616,405.3012527167,399.1589698195,402.5386962891,2597000
2025-09-24,398.5026350238,402.2839824056,396.7588994625,401.4219055176,3220700
2025-09-25,398.3654805734,402.4897036015,397.3466596955,399.1492004395,2554300
2025-09-26,399.8447388167,403.0285279913,397.5719959847,401.7354125977,2316600
2025-09-29,401.6962405160,402.5779291741,395.6225680125,398.5124511719,3008400
2025-09-30,398.3459075934,398.7083649601,395.2600871608,396.9352416992,3211600
2025-10-01,396.1515504076,396.8764651385,387.2565166096,388.9316711426,3787800
2025-10-02,387.4426543656,389.2843587449,385.7674998060,386.9626464844,2964700
2025-10-03,386.1005503764,389.2255641614,384.6311092824,387.0115966797,2951300
2025-10-06,386.4630021481,386.4630021481,377.8618749311,381.3983154297,3653700
2025-10-07,381.5159182904,381.8097945639,377.6561837869,378.9296875000,2505700
2025-10-08,378.5868104355,378.5868104355,375.1777260926,375.9712219238,2517600
2025-10-09,375.0993338961,376.5295815613,369.7701583289,369.9954833984,3321400
2025-10-10,372.5131304294,372.5131304294,367.1447614322,368.0950012207,2992400
2025-10-13,371.3473895886,374.5213730021,369.5056851747,371.6412658691,2925900
2025-10-14,371.1514280111,380.9673136860,370.3089627977,379.8211364746,4399900
2025-10-15,381.3003889596,386.3356583197,378.8513204256,380.3893127441,3690100
2025-10-16,381.7216378483,382.0547075956,376.1475552356,379.4978942871,2783700
2025-10-17,380.5852275608,385.1012953190,379.3117239571,383.9159545898,2657700
2025-10-20,383.4359659706,385.1698957140,380.1835958127,380.9673156738,2761100
2025-10-21,379.6644186975,385.6107645969,377.9990400454,382.9363708496,2306900
2025-10-22,383.2792341717,385.0425515975,380.2619948243,381.0456848145,2857000
2025-10-23,379.2431671607,380.8007711681,373.5319225714,377.1859436035,2767300
2025-10-24,381.7608009421,381.7608009421,377.8129038069,378.8023071289,2426800
2025-10-27,379.8015684127,381.3591724465,375.0993387884,377.4210510254,3065800
2025-10-28,376.5883745940,382.0644881192,375.0307407348,377.8912658691,2372800
2025-10-29,375.1972918919,377.1565466799,367.5562101773,370.3383483887,3852300
2025-10-30,370.0150550982,376.8626709203,368.4476452866,371.8175659180,2384300
2025-10-31,369.2803560231,373.1792840455,367.3701004288,371.8567810059,2643500
2025-11-03,369.3293621036,370.7694156806,366.0671858862,370.6420593262,2897600
2025-11-04,369.6624192045,375.8634477244,369.0746367633,375.2756652832,2590000
2025-11-05,374.9915847510,375.6087548028,362.9813431344,366.2239074707,4763000
2025-11-06,364.2450617365,365.0679451530,360.0620336661,361.5510864258,3622100
2025-11-07,361.4727246106,366.0377921328,360.0816703679,363.5495300293,2766400
2025-11-10,362.2564158414,363.1086868755,356.0455818634,362.8833618164,3257900
2025-11-11,364.4115914964,368.3399069860,363.3536070454,366.6157531738,2407300
2025-11-12,364.4801992169,365.9496404426,361.4923473498,363.5691528320,3375800
2025-11-13,364.0883310233,365.9104236771,359.1510004486,360.5714721680,3034800
2025-11-14,358.4554785369,359.8465327537,352.4699393597,354.9777832031,3413300
2025-11-17,353.7728433128,356.3688499111,348.8453187483,350.7359924316,5127200
2025-11-18,333.0537571715,341.6940487142,329.1646349296,329.6250610352,10168500
2025-11-19,334.0235542138,334.7876623864,324.6191252385,327.6853637695,7595000
2025-11-20,329.5074797196,331.9957418511,325.3636746768,325.6085815430,4025300
2025-11-21,327.7539439087,339.8523481862,326.2159217274,336.3256835938,7441300
2025-11-24,335.2285232911,336.7077404023,329.6936043159,329.7229919434,6132900
2025-11-25,332.0936761933,345.8084592809,331.9467380679,343.9177856445,6316600
2025-11-26,343.1243291548,350.0502726862,341.8899889690,348.2281799316,4517300
2025-11-28,347.6991417735,350.5400552205,346.2982817831,349.6486206055,2119600
2025-12-01,346.8370856211,354.9092361129,345.6909382499,350.0502624512,5107100
2025-12-02,349.5604497841,350.2168133297,344.1431111821,346.8175048828,3965300
2025-12-03,347.2779057716,353.1262824187,346.5431852375,350.6184387207,4166700
2025-12-04,351.2889424954,352.4918191644,345.0872236791,346.2408142090,4022800
2025-12-05,345.7280700562,350.6283094976,344.6237958310,349.6324768066,5959200
2025-12-08,347.0098479824,347.1478672189,340.8475764249,344.9984741211,7273000
2025-12-09,342.8786533954,351.6635912020,340.1179377270,340.4235839844,5063100
2025-12-10,339.2700031445,347.0788162197,339.1714007892,346.2013244629,6316100
2025-12-11,351.0029762024,357.6286515635,348.9718939720,352.4424743652,6609800
2025-12-12,354.2172355098,355.6961806716,351.0522711993,354.6017456055,3861200
2025-12-15,354.3454011755,357.5793599276,350.6282998961,351.9790649414,4387400
2025-12-16,351.8903507197,353.7045198644,346.8718003495,347.7295837402,3497200
2025-12-17,347.0295279437,352.4819041668,346.0534338377,351.7424316406,3875200
2025-12-18,358.4371463181,361.1583848677,349.5831840686,350.0071411133,4805200
2025-12-19,349.1394914440,349.1394914440,340.0785153162,340.1573791504,12825600
2025-12-22,340.4630356930,343.0166774117,338.8756489852,341.5278930664,3523700
2025-12-23,339.1714218810,342.6222939059,337.1403396106,340.1278076172,3873400
2025-12-24,339.5066482461,343.3716381808,339.0728219242,342.4645385742,1368600
2025-12-26,342.1194235208,345.1364690558,341.7053357513,344.8702697754,1786900
2025-12-29,345.0871927009,345.4027082127,339.9108848104,342.5729980469,3790000
2025-12-30,341.1729488140,342.1096261749,338.8953755353,341.4884643555,2392600
2025-12-31,340.6503623042,341.8433696199,339.1418394721,339.2700195312,2317500
2026-01-02,338.6094143019,343.5983868617,336.1346665477,340.9658813477,3763000
2026-01-05,337.8896584002,342.4743820456,336.4599994803,339.2601318359,4725300
2026-01-06,336.7065129328,345.7576500414,332.9697030905,344.3871765137,4680300
2026-01-07,348.3803227646,353.4678977912,344.1308226906,344.1604003906,4442700
2026-01-08,340.4630219277,358.1413386074,339.2700146292,354.5130004883,5196500
2026-01-09,358.3977007876,370.2193924863,356.2384385051,369.3813476562,7093500
2026-01-12,369.3813470356,371.1363607050,364.0669898032,369.6771240234,5859800
2026-01-13,370.5940554896,374.8435553037,365.6149523936,374.4097290039,4785800
2026-01-14,371.4025769623,374.7548466977,368.7207551562,370.6729736328,4959900
2026-01-15,370.7419813357,374.8435930720,369.2038806957,373.8379211426,2990100
2026-01-16,373.9266406158,377.3972211481,372.2110738312,374.8337402344,3709000
2026-01-20,367.0150163420,372.0434358363,366.0882083137,369.8447265625,5353700
2026-01-21,370.5250539043,380.5030293318,369.4207796503,379.2409973145,5169800
2026-01-22,381.0256065510,385.1173490575,375.1886893927,375.6816711426,4828100
2026-01-23,376.1450525332,378.9747627931,373.8871878296,378.3831787109,3138300
2026-01-26,379.5959387533,381.9819836075,376.5887621832,381.1044616699,3984800
2026-01-27,379.5466251227,381.0748563662,372.9603667038,375.0210266113,3466100
2026-01-28,374.8731581670,375.6520777243,368.4052402858,370.0320739746,3371500
2026-01-29,369.6376878740,371.7969502161,364.9543615310,366.5910644531,4744500
2026-01-30,367.1826382312,369.8545906553,363.3768038107,369.3320312500,3755600
2026-02-02,368.9869569474,374.3210228956,363.0711761665,372.8125000000,4757200
2026-02-03,371.9941531036,386.2807536592,371.7082152823,375.7506713867,5684400
2026-02-04,379.1916650143,385.0482900888,378.9648825974,381.7650451660,5574700
2026-02-05,381.2523381810,381.5678537053,375.4844460025,377.0028381348,3759700
2026-02-06,375.9872867112,380.9466815068,373.7787382805,379.7438049316,4685400
2026-02-09,378.9648917937,380.3649731120,372.8913835069,375.6520690918,3639300
2026-02-10,378.4226048159,386.2412872464,376.5788580982,384.2102050781,3160800
2026-02-11,379.5959322758,385.9258309312,376.7169057320,385.1961975098,3229900
2026-02-12,388.0259209766,392.0486688815,383.5397991152,384.7426757812,3702200
2026-02-13,384.7229293055,388.4695781761,381.6664367589,385.5609741211,2875900
2026-02-17,386.7244587531,388.4696032452,375.1590965350,377.6634521484,3485300
2026-02-18,377.3775072146,379.7142357566,374.2125729926,378.1366882324,2982600
2026-02-19,378.3535966331,378.3535966331,372.0927529300,373.2660217285,2930900
2026-02-20,372.1519090515,379.4184547234,370.6729639050,376.8845214844,3984100
2026-02-23,375.6422181944,378.7480272408,364.3923712296,371.6983642578,5495700
2026-02-24,383.6482376186,388.8147067463,376.8450955827,379.0832519531,5675800
2026-02-25,375.7211084357,376.0859101070,366.1572506977,370.2983093262,5036900
2026-02-26,373.0885486902,376.1253328459,369.6771237132,369.8250122070,2889400
2026-02-27,368.6122821452,376.8253745598,367.1136285286,375.3760070801,4819500
2026-03-02,369.7362917797,369.8447333158,363.8205111112,365.6051025391,4537600
2026-03-03,358.6244886120,363.6035918893,355.0651449894,361.7697143555,3964700
2026-03-04,361.0598279133,364.3825199300,356.4356569194,363.9289550781,4324400
2026-03-05,360.9809518318,361.8288960883,354.1581012613,356.6032714844,4752200
2026-03-06,352.5213861974,354.4045800289,348.2620168012,352.8960571289,4167400
2026-03-09,350.6086028324,351.4860946415,340.7884154636,348.5972290039,4224500
2026-03-10,348.0845153095,356.5638062787,346.0928500522,352.1368103027,3986000
2026-03-11,350.4705824134,351.3185266822,344.2097080789,345.9154357910,3197100
2026-03-12,343.4638217479,346.0742468605,336.1784699632,336.4067382812,3893600
2026-03-13,339.1461818588,340.8633132247,335.5134262654,336.5059814453,2531900
2026-03-16,339.8905990411,342.6697414353,338.1139167835,340.0295410156,3194400
2026-03-17,342.3223854396,344.1982990603,338.4017801922,338.8881225586,3075900
2026-03-18,336.0791896259,337.2702376664,327.6821812939,328.4662780762,3592200
2026-03-19,326.5109569429,327.7715214591,322.2132061648,325.7665405273,3845400
2026-03-20,325.3099776972,327.7715255802,317.8757486931,318.3620910645,9672200
2026-03-23,329.5184050162,332.2280917307,325.7665474140,328.4365234375,5806300
2026-03-24,323.4737304542,330.0444409674,320.6151666597,328.4464416504,4566400
2026-03-25,332.5059987033,334.6796970584,324.5556216981,330.0345458984,4397800
2026-03-26,328.9724946138,331.6325352534,324.1585958840,325.9848937988,3448400
2026-03-27,325.0618250186,325.1015357075,318.3521422352,319.2553710938,3977400
2026-03-30,323.2950875702,325.5481770158,320.1784496391,321.0916137695,4066000
2026-03-31,326.0444514861,328.9725014740,321.0022843433,326.4414978027,5749100
2026-04-01,326.9178879266,330.6101943303,325.3695043015,327.1064758301,3386200
2026-04-02,321.1908696288,323.8707505016,316.2876445045,319.2355346680,3732300
2026-04-06,317.3198994034,324.2479150919,316.5457075838,324.2181396484,2448300
2026-04-07,320.5953395999,321.9650706650,312.9625874505,316.3968200684,4661600
2026-04-08,330.7789447061,336.2578383244,329.7764542943,333.6573486328,4610600
2026-04-09,328.7938436788,338.0345301236,326.0047660034,337.0518798828,3002000
2026-04-10,338.5010492869,338.6896372067,333.3099744502,334.8285827637,3208300
2026-04-13,333.0419921292,338.8980619593,329.4588519788,338.6201477051,3741200
2026-04-14,338.4613084990,340.2082152680,335.8211081468,340.1585693359,2882500
2026-04-15,339.3050167002,339.7218729407,334.1139418622,336.3869018555,3365200
2026-04-16,337.4588373020,339.4340427741,334.1834172140,334.6399841309,2856700
2026-04-17,340.2876076589,349.3992567644,340.2876076589,346.7987670898,4930400
2026-04-20,345.7466878036,348.5556360884,341.0618258709,348.3769531250,3260900
2026-04-21,350.3024901395,350.9178695006,340.4166490920,341.3595886230,3081000
2026-04-22,341.3893865921,342.6697610414,335.4042797122,336.9725036621,2855800
2026-04-23,336.9725039010,338.2925890422,334.3720140193,337.6275939941,2712400
2026-04-24,335.3645488936,337.7367400216,332.1883602030,333.3893737793,3255900
2026-04-27,331.9898736755,334.8682776929,329.6672981461,329.8260803223,3282900
2026-04-28,331.9600858337,333.4290480867,324.9228430841,326.6101989746,4279300
2026-04-29,323.2355266292,323.4141792937,316.6747210760,320.4067382812,4150000
2026-04-30,319.8409825516,327.6623224865,319.8409825516,326.3521423340,4317900
2026-05-01,327.6424750251,328.0593312432,320.9526324318,321.4687805176,3865300
2026-05-04,319.6821730131,319.6821730131,309.9353037404,310.0941162109,6396100
2026-05-05,311.0767316808,315.2653158743,308.0891308088,313.0717773438,6391400
2026-05-06,319.5630769182,322.8186568972,316.9725222785,320.6449584961,5455900
2026-05-07,322.5903881812,325.0519057901,320.0295786999,320.2380371094,4411700
2026-05-08,320.2777143896,321.5878945631,314.4414847900,315.0866699219,4995500
2026-05-11,314.1437333367,314.7591127388,307.4042747785,309.0816955566,4335700
2026-05-12,310.8980789548,312.4365274123,306.8087260507,308.1486816406,4225700
2026-05-13,305.3199040148,305.3993253970,297.0419969162,300.2975769043,6307800
2026-05-14,302.7888731592,303.7020372296,299.1759881460,302.0841674805,5072600
2026-05-15,298.0742474030,300.6747371606,294.6697903628,295.2951049805,6121500
2026-05-18,297.0221439227,301.5184177720,295.0866491645,297.5779724121,6366100
2026-05-19,289.6970696990,300.9328013798,286.9477028104,300.1883850098,8692500
2026-05-20,298.8186768096,308.6946135200,294.4613750762,308.2677917480,5810900
2026-05-21,304.0791968081,311.6523978374,302.1139568962,311.4439697266,4516600
2026-05-22,312.1586044518,312.6151713538,309.1412282200,310.7392578125,2963800
2026-05-26,312.7144268050,314.4315581392,306.6598342609,308.2280883789,6978200
2026-05-27,312.4067459496,318.6102158851,312.1685423970,315.4836730957,5990100
2026-05-28,315.0866472341,319.4836593173,312.8136874394,318.8186340332,6818900
2026-05-29,318.0940918149,319.7020263440,314.6399889184,314.7789611816,6963300
2026-06-01,312.7839312414,313.5382829014,305.3993179834,308.3769836426,4544200
2026-06-02,307.6722619963,309.8757356817,306.2727555740,309.2007751465,4310000
2026-06-03,305.6474630033,311.1859079142,304.8335604368,310.6400146484,4328300
2026-06-04,317.8299865723,320.7500000000,308.1099853516,309.9500122070,4558600
2026-06-05,310.8299865723,314.0499877930,308.6300048828,310.7799987793,3946300
2026-06-08,308.8800048828,313.7699890137,307.0700073242,309.7099914551,4381800
2026-06-09,311.3500061035,322.8900146484,310.2699890137,321.3299865723,4875300
2026-06-10,323.2699890137,324.0000000000,318.7999877930,318.9200134277,4823800
2026-06-11,322.2900085449,327.0299987793,318.5499877930,326.0100097656,4656600
2026-06-12,328.5000000000,331.0199890137,325.2900085449,328.3900146484,3649000
2026-06-15,333.7600097656,338.0000000000,329.5400085449,329.8200073242,4695000
2026-06-16,331.9100036621,338.2699890137,329.7500000000,337.0899963379,5131500
2026-06-17,336.0100097656,341.1499938965,326.1700134277,327.4800109863,6085400
2026-06-18,331.7000122070,338.0199890137,330.8999938965,334.2799987793,10604400
2026-06-22,330.0000000000,331.7300109863,326.3399963379,326.6199951172,4713600
2026-06-23,323.8699951172,329.0199890137,321.7000122070,324.4500122070,4788000
2026-06-24,329.1199951172,342.9599914551,327.7099914551,342.8599853516,6385000
2026-06-25,342.2500000000,348.6400146484,341.8200073242,345.0000000000,6974100
2026-06-26,347.8999938965,350.5000000000,345.8500061035,348.8599853516,7771700
2026-06-29,348.8599853516,351.3500061035,345.5400085449,350.8099975586,5786500
2026-06-30,350.6900024414,353.5000000000,347.2999877930,352.6799926758,4579000
2026-07-01,353.9800109863,357.1199951172,350.8399963379,350.8399963379,4041300
2026-07-02,352.8399963379,358.1900024414,347.6499938965,357.8999938965,3110500
2026-07-06,357.8200073242,358.8500061035,345.7999877930,350.6499938965,4460800
2026-07-07,355.0599975586,355.4200134277,344.4800109863,345.2099914551,3592800
2026-07-08,337.9899902344,337.9899902344,330.6600036621,336.2099914551,4192300
2026-07-09,337.7600097656,340.7300109863,335.6099853516,338.7300109863,2780800
2026-07-10,339.5499877930,344.3999938965,337.8999938965,343.2999877930,2748000
2026-07-13,344.0000000000,345.1099853516,335.4299926758,337.1099853516,3650400
2026-07-14,339.5199890137,341.7500000000,336.5700073242,337.7399902344,2807300
2026-07-15,338.9899902344,346.2500000000,337.2600097656,341.4400024414,3953100
2026-07-16,341.5499877930,350.8099975586,340.6400146484,348.0199890137,3810300
2026-07-17,348.9299926758,353.9800109863,338.0899963379,338.8699951172,4434000
2026-07-20,339.9700012207,340.2000122070,331.4100036621,333.0400085449,4125300
2026-07-21,331.2999877930,333.0000000000,327.0000000000,331.6000061035,3112600
2026-07-22,333.5299987793,336.5599975586,330.7099914551,331.4500122070,2907700
2026-07-23,325.2999877930,328.2300109863,323.0499877930,324.7099914551,4523100
2026-07-24,325.0700073242,333.4599914551,323.2300109863,332.9800109863,3874500
2026-07-27,339.3900146484,341.8900146484,335.3500061035,336.0899963379,3622400
2026-07-28,342.6400146484,349.4299926758,342.6000061035,344.4700012207,4308000
2026-07-29,340.3800048828,345.2699890137,336.9599914551,338.2699890137,4028500
2026-07-30,334.9899902344,335.6900024414,330.2500000000,333.3500061035,6275400
2026-07-31,332.4400024414,334.0000000000,328.7999877930,331.9599914551,4961900
2026-08-03,339.7999877930,343.6400146484,333.7200012207,340.0199890137,2908100
2026-08-04,340.2300109863,350.8599853516,339.3500061035,348.2399902344,4275000
2026-08-05,350.1600036621,354.5499877930,348.1499938965,353.1400146484,3140400
2026-08-06,353.5000000000,353.5499877930,347.5100097656,349.5199890137,2622400
2026-08-07,351.5100097656,356.8299865723,348.7399902344,355.6199951172,3584800
2026-08-10,352.1000061035,354.0000000000,347.0599975586,350.7799987793,3124800
2026-08-11,352.2900085449,358.3599853516,350.6000061035,354.4800109863,2549700
2026-08-12,352.0000000000,353.8699951172,343.0299987793,343.4299926758,3965800
2026-08-13,347.0000000000,347.7500000000,340.5100097656,341.7000122070,2439900
2026-08-14,340.8099975586,340.8099975586,336.0100097656,338.8599853516,3073100
2026-08-17,334.7099914551,339.4400024414,332.8900146484,337.8800048828,5580000
2026-08-18,336.7799987793,344.5400085449,330.6900024414,337.4899902344,6603400
2026-08-19,341.4200134277,350.3999938965,341.4200134277,344.2999877930,4971000
2026-08-20,336.0000000000,338.8800048828,331.5899963379,334.4899902344,4027700
2026-08-21,336.5199890137,338.5799865723,333.0000000000,335.6099853516,3391700
2026-08-24,335.8800048828,342.2200012207,335.1647949219,337.4299926758,3289739
